nivel,variable,categoria,marco,muestra,proporcion_marco,proporcion_muestra
Primaria,departamento,BENI,612,6,0.05259087393658159,0.1
Primaria,departamento,CHUQUISACA,964,6,0.08283921973017101,0.1
Primaria,departamento,COCHABAMBA,1721,8,0.14789034974649823,0.13333333333333333
Primaria,departamento,LA PAZ,3184,10,0.27361003695110425,0.16666666666666666
Primaria,departamento,ORURO,504,4,0.04331013147718484,0.06666666666666667
Primaria,departamento,PANDO,257,4,0.02208472974134227,0.06666666666666667
Primaria,departamento,POTOSI,1713,8,0.14720288734209847,0.13333333333333333
Primaria,departamento,SANTA CRUZ,2047,8,0.17590444272578842,0.13333333333333333
Primaria,departamento,TARIJA,635,6,0.0545673283492309,0.1
Primaria,area,Rural,9345,39,0.803042021139469,0.65
Primaria,area,Urbana,2292,21,0.19695797886053107,0.35
Primaria,dependencia,Fiscal,11289,45,0.9700953854086105,0.75
Primaria,dependencia,Privada,348,15,0.029904614591389534,0.25
Primaria,mixta_primaria_secundaria,No,9672,44,0.8311420469193092,0.7333333333333333
Primaria,mixta_primaria_secundaria,Sí,1965,16,0.1688579530806909,0.26666666666666666
Secundaria,departamento,BENI,259,6,0.06806833114323259,0.1
Secundaria,departamento,CHUQUISACA,212,6,0.0557161629434954,0.1
Secundaria,departamento,COCHABAMBA,599,8,0.15742444152431012,0.13333333333333333
Secundaria,departamento,LA PAZ,1026,10,0.2696452036793692,0.16666666666666666
Secundaria,departamento,ORURO,191,6,0.05019710906701708,0.1
Secundaria,departamento,PANDO,100,4,0.026281208935611037,0.06666666666666667
Secundaria,departamento,POTOSI,415,6,0.10906701708278581,0.1
Secundaria,departamento,SANTA CRUZ,841,10,0.22102496714848882,0.16666666666666666
Secundaria,departamento,TARIJA,162,4,0.04257555847568988,0.06666666666666667
Secundaria,area,Rural,1952,28,0.5130091984231274,0.4666666666666667
Secundaria,area,Urbana,1853,32,0.4869908015768725,0.5333333333333333
Secundaria,dependencia,Fiscal,3516,44,0.9240473061760841,0.7333333333333333
Secundaria,dependencia,Privada,289,16,0.0759526938239159,0.26666666666666666
Secundaria,mixta_primaria_secundaria,No,1820,23,0.4783180026281209,0.38333333333333336
Secundaria,mixta_primaria_secundaria,Sí,1985,37,0.5216819973718791,0.6166666666666667
