d,y,o,c,p
Beni,2016,111,Tesoro General de la Nación,548957257.9
Beni,2016,115,Donaciones - HIPC II,4223542.22
Beni,2016,117,T.G.N. - Impuesto Especial a los Hidrocarburos,438484.0
Beni,2016,230,Otros Recursos Específicos,1074844.49
Beni,2017,111,Tesoro General de la Nación,628288641.91
Beni,2017,117,T.G.N. - Impuesto Especial a los Hidrocarburos,381122.0
Beni,2017,220,Regalías,447084.0
Beni,2017,230,Otros Recursos Específicos,1148985.19
Beni,2017,344,Fondo de las NN.UU. para la Infancia,139256.0
Beni,2018,111,Tesoro General de la Nación,717781427.9499999
Beni,2018,117,T.G.N. - Impuesto Especial a los Hidrocarburos,395781.0
Beni,2018,119,T.G.N. - Impuesto Directo a los Hidrocarburos,439884.0
Beni,2018,230,Otros Recursos Específicos,1106589.83
Beni,2019,111,Tesoro General de la Nación,718927192.23
Beni,2019,119,T.G.N. - Impuesto Directo a los Hidrocarburos,433430.0
Beni,2019,230,Otros Recursos Específicos,883560.86
Beni,2020,111,Tesoro General de la Nación,712102628.39
Beni,2020,119,T.G.N. - Impuesto Directo a los Hidrocarburos,429859.0
Beni,2020,230,Otros Recursos Específicos,540595.53
Beni,2021,111,Tesoro General de la Nación,739110284.77
Beni,2021,119,T.G.N. - Impuesto Directo a los Hidrocarburos,0.0
Beni,2021,230,Otros Recursos Específicos,997544.42
Beni,2022,111,Tesoro General de la Nación,773743655.14
Beni,2022,119,T.G.N. - Impuesto Directo a los Hidrocarburos,859406.0
Beni,2022,230,Otros Recursos Específicos,1071681.94
Beni,2023,111,Tesoro General de la Nación,811506012.76
Beni,2023,119,T.G.N. - Impuesto Directo a los Hidrocarburos,426588.0
Beni,2023,230,Otros Recursos Específicos,1187696.8
Beni,2024,111,Tesoro General de la Nación,849419326.01
Beni,2024,119,T.G.N. - Impuesto Directo a los Hidrocarburos,0.0
Beni,2024,230,Otros Recursos Específicos,1223215.06
Beni,2025,111,Tesoro General de la Nación,913836873.62
Beni,2025,119,T.G.N. - Impuesto Directo a los Hidrocarburos,0.0
Beni,2025,230,Otros Recursos Específicos,1510931.75
Chuquisaca,2016,0,NC,0.0
Chuquisaca,2016,111,Tesoro General de la Nación,733020745.76
Chuquisaca,2016,115,Donaciones - HIPC II,7472530.77
Chuquisaca,2016,119,T.G.N. - Impuesto Directo a los Hidrocarburos,804835.26
Chuquisaca,2016,220,Regalías,511051.0
Chuquisaca,2016,230,Otros Recursos Específicos,1031664.0
Chuquisaca,2016,345,Fondo de Población de las Naciones Unidas,36694.0
Chuquisaca,2017,111,Tesoro General de la Nación,819791215.1
Chuquisaca,2017,220,Regalías,996196.0
Chuquisaca,2017,230,Otros Recursos Específicos,1106506.0
Chuquisaca,2017,345,Fondo de Población de las Naciones Unidas,157189.0
Chuquisaca,2018,111,Tesoro General de la Nación,946976287.86
Chuquisaca,2018,119,T.G.N. - Impuesto Directo a los Hidrocarburos,0.0
Chuquisaca,2018,220,Regalías,549099.0
Chuquisaca,2018,230,Otros Recursos Específicos,1018600.0
Chuquisaca,2018,345,Fondo de Población de las Naciones Unidas,123330.8
Chuquisaca,2019,111,Tesoro General de la Nación,937613752.43
Chuquisaca,2019,220,Regalías,537091.0
Chuquisaca,2019,230,Otros Recursos Específicos,904161.78
Chuquisaca,2019,345,Fondo de Población de las Naciones Unidas,112528.4
Chuquisaca,2020,111,Tesoro General de la Nación,930720922.3
Chuquisaca,2020,220,Regalías,507731.0
Chuquisaca,2020,230,Otros Recursos Específicos,393247.35
Chuquisaca,2021,111,Tesoro General de la Nación,965029026.06
Chuquisaca,2021,119,T.G.N. - Impuesto Directo a los Hidrocarburos,0.0
Chuquisaca,2021,220,Regalías,0.0
Chuquisaca,2021,230,Otros Recursos Específicos,726523.0
Chuquisaca,2022,111,Tesoro General de la Nación,1006607480.22
Chuquisaca,2022,220,Regalías,1147612.0
Chuquisaca,2022,230,Otros Recursos Específicos,796607.0
Chuquisaca,2022,345,Fondo de Población de las Naciones Unidas,120315.0
Chuquisaca,2023,111,Tesoro General de la Nación,1050016457.06
Chuquisaca,2023,220,Regalías,553610.0
Chuquisaca,2023,230,Otros Recursos Específicos,1162172.25
Chuquisaca,2024,111,Tesoro General de la Nación,1097200578.19
Chuquisaca,2024,220,Regalías,544182.0
Chuquisaca,2024,230,Otros Recursos Específicos,1382817.52
Chuquisaca,2025,111,Tesoro General de la Nación,1178170406.96
Chuquisaca,2025,117,T.G.N. - Impuesto Especial a los Hidrocarburos,0.0
Chuquisaca,2025,220,Regalías,0.0
Chuquisaca,2025,230,Otros Recursos Específicos,1267626.68
Cochabamba,2016,111,Tesoro General de la Nación,1820939762.5
Cochabamba,2016,115,Donaciones - HIPC II,18895809.5
Cochabamba,2016,220,Regalías,1509429.0
Cochabamba,2016,230,Otros Recursos Específicos,3589274.68
Cochabamba,2017,0,NC,0.0
Cochabamba,2017,111,Tesoro General de la Nación,2054088850.99
Cochabamba,2017,220,Regalías,1514378.0
Cochabamba,2017,230,Otros Recursos Específicos,2882939.4
Cochabamba,2018,0,NC,0.0
Cochabamba,2018,111,Tesoro General de la Nación,2394379402.99
Cochabamba,2018,220,Regalías,1697046.0
Cochabamba,2018,230,Otros Recursos Específicos,3761062.55
Cochabamba,2019,0,NC,0.0
Cochabamba,2019,111,Tesoro General de la Nación,2392141687.24
Cochabamba,2019,220,Regalías,316092.0
Cochabamba,2019,230,Otros Recursos Específicos,3971744.0
Cochabamba,2020,111,Tesoro General de la Nación,2379466470.26
Cochabamba,2020,220,Regalías,304331.0
Cochabamba,2020,230,Otros Recursos Específicos,2347707.0
Cochabamba,2021,111,Tesoro General de la Nación,2469563362.19
Cochabamba,2021,220,Regalías,305856.0
Cochabamba,2021,230,Otros Recursos Específicos,3930498.02
Cochabamba,2022,111,Tesoro General de la Nación,2596837984.33
Cochabamba,2022,220,Regalías,1479707.0
Cochabamba,2022,230,Otros Recursos Específicos,4444821.430000001
Cochabamba,2023,111,Tesoro General de la Nación,2731433586.9
Cochabamba,2023,220,Regalías,291744.0
Cochabamba,2023,230,Otros Recursos Específicos,5080329.32
Cochabamba,2024,111,Tesoro General de la Nación,2879139509.73
Cochabamba,2024,116,T.G.N. - Fondo de Compensación Departamental,0.0
Cochabamba,2024,117,T.G.N. - Impuesto Especial a los Hidrocarburos,0.0
Cochabamba,2024,220,Regalías,3284245.0
Cochabamba,2024,230,Otros Recursos Específicos,6653454.09
Cochabamba,2025,111,Tesoro General de la Nación,3109229332.84
Cochabamba,2025,116,T.G.N. - Fondo de Compensación Departamental,0.0
Cochabamba,2025,117,T.G.N. - Impuesto Especial a los Hidrocarburos,0.0
Cochabamba,2025,220,Regalías,3071750.0
Cochabamba,2025,230,Otros Recursos Específicos,7164250.49
La Paz,2016,111,Tesoro General de la Nación,3180313632.4700003
La Paz,2016,115,Donaciones - HIPC II,31056209.94
La Paz,2016,117,T.G.N. - Impuesto Especial a los Hidrocarburos,1770800.0
La Paz,2016,230,Otros Recursos Específicos,5373119.79
La Paz,2017,111,Tesoro General de la Nación,3590596087.28
La Paz,2017,117,T.G.N. - Impuesto Especial a los Hidrocarburos,3559116.0
La Paz,2017,230,Otros Recursos Específicos,4603796.32
La Paz,2018,111,Tesoro General de la Nación,4142012072.29
La Paz,2018,117,T.G.N. - Impuesto Especial a los Hidrocarburos,2674182.0
La Paz,2018,230,Otros Recursos Específicos,4919239.47
La Paz,2019,111,Tesoro General de la Nación,4119138604.61
La Paz,2019,117,T.G.N. - Impuesto Especial a los Hidrocarburos,2835857.0
La Paz,2019,230,Otros Recursos Específicos,4964743.35
La Paz,2020,111,Tesoro General de la Nación,4078954042.49
La Paz,2020,117,T.G.N. - Impuesto Especial a los Hidrocarburos,0.0
La Paz,2020,230,Otros Recursos Específicos,3429881.94
La Paz,2021,111,Tesoro General de la Nación,4232250838.14
La Paz,2021,117,T.G.N. - Impuesto Especial a los Hidrocarburos,2685650.0
La Paz,2021,230,Otros Recursos Específicos,5021428.69
La Paz,2022,111,Tesoro General de la Nación,4409075501.37
La Paz,2022,117,T.G.N. - Impuesto Especial a los Hidrocarburos,5504832.0
La Paz,2022,230,Otros Recursos Específicos,5991403.67
La Paz,2023,111,Tesoro General de la Nación,4607820431.94
La Paz,2023,117,T.G.N. - Impuesto Especial a los Hidrocarburos,0.0
La Paz,2023,230,Otros Recursos Específicos,7246842.38
La Paz,2024,111,Tesoro General de la Nación,4835270360.6
La Paz,2024,117,T.G.N. - Impuesto Especial a los Hidrocarburos,2719010.0
La Paz,2024,230,Otros Recursos Específicos,8724858.2
La Paz,2025,111,Tesoro General de la Nación,5206071523.23
La Paz,2025,117,T.G.N. - Impuesto Especial a los Hidrocarburos,0.0
La Paz,2025,230,Otros Recursos Específicos,8780059.06
Oruro,2016,111,Tesoro General de la Nación,641038290.57
Oruro,2016,115,Donaciones - HIPC II,5108759.22
Oruro,2016,220,Regalías,480494.0
Oruro,2016,230,Otros Recursos Específicos,1230786.37
Oruro,2017,111,Tesoro General de la Nación,721116806.37
Oruro,2017,220,Regalías,1388703.0
Oruro,2017,230,Otros Recursos Específicos,1047939.09
Oruro,2018,111,Tesoro General de la Nación,834316118.6099999
Oruro,2018,220,Regalías,536459.0
Oruro,2018,230,Otros Recursos Específicos,1120210.78
Oruro,2019,111,Tesoro General de la Nación,831149062.54
Oruro,2019,220,Regalías,569706.0
Oruro,2019,230,Otros Recursos Específicos,880311.44
Oruro,2020,111,Tesoro General de la Nación,827092535.17
Oruro,2020,220,Regalías,0.0
Oruro,2020,230,Otros Recursos Específicos,708228.83
Oruro,2021,111,Tesoro General de la Nación,848408996.62
Oruro,2021,220,Regalías,0.0
Oruro,2021,230,Otros Recursos Específicos,937696.0
Oruro,2022,111,Tesoro General de la Nación,885980131.86
Oruro,2022,220,Regalías,1648289.0
Oruro,2022,230,Otros Recursos Específicos,956873.82
Oruro,2023,111,Tesoro General de la Nación,927335015.31
Oruro,2023,220,Regalías,529155.0
Oruro,2023,230,Otros Recursos Específicos,1165431.88
Oruro,2024,111,Tesoro General de la Nación,973722966.24
Oruro,2024,220,Regalías,512040.0
Oruro,2024,230,Otros Recursos Específicos,1332358.6
Oruro,2025,111,Tesoro General de la Nación,1045686452.03
Oruro,2025,220,Regalías,578109.58
Oruro,2025,230,Otros Recursos Específicos,1469339.16
Pando,2016,111,Tesoro General de la Nación,137294023.04
Pando,2016,115,Donaciones - HIPC II,892017.1199999999
Pando,2016,220,Regalías,0.0
Pando,2016,230,Otros Recursos Específicos,248615.04
Pando,2017,111,Tesoro General de la Nación,164125050.18
Pando,2017,220,Regalías,367616.0
Pando,2017,230,Otros Recursos Específicos,300668.3
Pando,2017,344,Fondo de las NN.UU. para la Infancia,147892.0
Pando,2018,111,Tesoro General de la Nación,211743715.27
Pando,2018,220,Regalías,179414.0
Pando,2018,230,Otros Recursos Específicos,377341.4
Pando,2018,344,Fondo de las NN.UU. para la Infancia,0.0
Pando,2019,111,Tesoro General de la Nación,220071463.42
Pando,2019,220,Regalías,95370.0
Pando,2019,230,Otros Recursos Específicos,450085.96
Pando,2020,111,Tesoro General de la Nación,220365462.38
Pando,2020,220,Regalías,0.0
Pando,2020,230,Otros Recursos Específicos,296101.21
Pando,2021,111,Tesoro General de la Nación,230492475.67
Pando,2021,220,Regalías,0.0
Pando,2021,230,Otros Recursos Específicos,462545.8
Pando,2022,111,Tesoro General de la Nación,245025579.16
Pando,2022,220,Regalías,307279.0
Pando,2022,230,Otros Recursos Específicos,805130.04
Pando,2023,111,Tesoro General de la Nación,259644407.83
Pando,2023,220,Regalías,145485.0
Pando,2023,230,Otros Recursos Específicos,700042.0
Pando,2024,111,Tesoro General de la Nación,274469137.81
Pando,2024,220,Regalías,0.0
Pando,2024,230,Otros Recursos Específicos,482520.0
Pando,2025,111,Tesoro General de la Nación,297317804.32
Pando,2025,220,Regalías,0.0
Pando,2025,230,Otros Recursos Específicos,551957.0
Potosí,2016,111,Tesoro General de la Nación,1173045698.38
Potosí,2016,115,Donaciones - HIPC II,11064676.93
Potosí,2016,119,T.G.N. - Impuesto Directo a los Hidrocarburos,0.0
Potosí,2016,220,Regalías,626495.0
Potosí,2016,230,Otros Recursos Específicos,1405647.0
Potosí,2017,0,NC,0.0
Potosí,2017,111,Tesoro General de la Nación,1301051876.42
Potosí,2017,220,Regalías,1195522.0
Potosí,2017,230,Otros Recursos Específicos,1523496.8
Potosí,2018,111,Tesoro General de la Nación,1494331924.26
Potosí,2018,119,T.G.N. - Impuesto Directo a los Hidrocarburos,0.0
Potosí,2018,220,Regalías,588888.0
Potosí,2018,230,Otros Recursos Específicos,1312841.0
Potosí,2019,0,NC,0.0
Potosí,2019,111,Tesoro General de la Nación,1478181389.19
Potosí,2019,119,T.G.N. - Impuesto Directo a los Hidrocarburos,0.0
Potosí,2019,220,Regalías,1478131.0
Potosí,2019,230,Otros Recursos Específicos,1267159.0
Potosí,2020,0,NC,0.0
Potosí,2020,111,Tesoro General de la Nación,1465393307.31
Potosí,2020,220,Regalías,0.0
Potosí,2020,230,Otros Recursos Específicos,822169.0
Potosí,2021,0,NC,0.0
Potosí,2021,111,Tesoro General de la Nación,1509286840.64
Potosí,2021,220,Regalías,0.0
Potosí,2021,230,Otros Recursos Específicos,1232482.5
Potosí,2022,0,NC,0.0
Potosí,2022,111,Tesoro General de la Nación,1573713525.62
Potosí,2022,220,Regalías,2017860.0
Potosí,2022,230,Otros Recursos Específicos,1189774.0
Potosí,2023,111,Tesoro General de la Nación,1636462954.94
Potosí,2023,220,Regalías,765531.0
Potosí,2023,230,Otros Recursos Específicos,1440032.33
Potosí,2024,111,Tesoro General de la Nación,1711348349.95
Potosí,2024,220,Regalías,721271.0
Potosí,2024,230,Otros Recursos Específicos,1799880.0
Potosí,2025,0,NC,0.0
Potosí,2025,111,Tesoro General de la Nación,1837897681.73
Potosí,2025,220,Regalías,715246.0
Potosí,2025,230,Otros Recursos Específicos,1599066.34
Santa Cruz,2016,111,Tesoro General de la Nación,2239987050.36
Santa Cruz,2016,115,Donaciones - HIPC II,30602177.23
Santa Cruz,2016,220,Regalías,0.0
Santa Cruz,2016,230,Otros Recursos Específicos,5085840.859999999
Santa Cruz,2017,111,Tesoro General de la Nación,2543886821.78
Santa Cruz,2017,220,Regalías,0.0
Santa Cruz,2017,230,Otros Recursos Específicos,8963050.49
Santa Cruz,2018,111,Tesoro General de la Nación,2938834370.3
Santa Cruz,2018,220,Regalías,0.0
Santa Cruz,2018,230,Otros Recursos Específicos,9629190.3
Santa Cruz,2019,111,Tesoro General de la Nación,2946912801.22
Santa Cruz,2019,220,Regalías,0.0
Santa Cruz,2019,230,Otros Recursos Específicos,4585495.62
Santa Cruz,2020,111,Tesoro General de la Nación,2926713443.89
Santa Cruz,2020,220,Regalías,0.0
Santa Cruz,2020,230,Otros Recursos Específicos,2432175.67
Santa Cruz,2021,111,Tesoro General de la Nación,3046920523.76
Santa Cruz,2021,220,Regalías,0.0
Santa Cruz,2021,230,Otros Recursos Específicos,3838045.62
Santa Cruz,2022,111,Tesoro General de la Nación,3186408045.62
Santa Cruz,2022,220,Regalías,2547506.0
Santa Cruz,2022,230,Otros Recursos Específicos,3949825.8
Santa Cruz,2023,111,Tesoro General de la Nación,3346414869.6800003
Santa Cruz,2023,220,Regalías,2578534.0
Santa Cruz,2023,230,Otros Recursos Específicos,4881606.51
Santa Cruz,2024,111,Tesoro General de la Nación,3521572811.13
Santa Cruz,2024,220,Regalías,0.0
Santa Cruz,2024,230,Otros Recursos Específicos,5660558.83
Santa Cruz,2025,111,Tesoro General de la Nación,3805958241.08
Santa Cruz,2025,220,Regalías,0.0
Santa Cruz,2025,230,Otros Recursos Específicos,6278812.47
Tarija,2016,111,Tesoro General de la Nación,611475508.49
Tarija,2016,115,Donaciones - HIPC II,6986527.47
Tarija,2016,220,Regalías,444739.0
Tarija,2016,230,Otros Recursos Específicos,919963.48
Tarija,2017,111,Tesoro General de la Nación,688455048.16
Tarija,2017,220,Regalías,444791.0
Tarija,2017,230,Otros Recursos Específicos,731241.5
Tarija,2018,111,Tesoro General de la Nación,802898171.6
Tarija,2018,220,Regalías,469721.0
Tarija,2018,230,Otros Recursos Específicos,734343.78
Tarija,2019,111,Tesoro General de la Nación,800419580.77
Tarija,2019,220,Regalías,464578.0
Tarija,2019,230,Otros Recursos Específicos,640160.74
Tarija,2020,111,Tesoro General de la Nación,794717977.95
Tarija,2020,119,T.G.N. - Impuesto Directo a los Hidrocarburos,0.0
Tarija,2020,230,Otros Recursos Específicos,322240.91
Tarija,2021,111,Tesoro General de la Nación,826275086.0
Tarija,2021,220,Regalías,333312.0
Tarija,2021,230,Otros Recursos Específicos,544918.5
Tarija,2022,111,Tesoro General de la Nación,864585457.06
Tarija,2022,119,T.G.N. - Impuesto Directo a los Hidrocarburos,342854.0
Tarija,2022,220,Regalías,593574.0
Tarija,2022,230,Otros Recursos Específicos,636755.9
Tarija,2023,111,Tesoro General de la Nación,904883004.9
Tarija,2023,119,T.G.N. - Impuesto Directo a los Hidrocarburos,322973.0
Tarija,2023,230,Otros Recursos Específicos,694118.3300000001
Tarija,2024,111,Tesoro General de la Nación,951351815.53
Tarija,2024,119,T.G.N. - Impuesto Directo a los Hidrocarburos,463757.0
Tarija,2024,230,Otros Recursos Específicos,959089.29
Tarija,2025,111,Tesoro General de la Nación,1023343719.14
Tarija,2025,119,T.G.N. - Impuesto Directo a los Hidrocarburos,136618.0
Tarija,2025,230,Otros Recursos Específicos,888547.81
