y,d,c,v,e,pa
2016,Beni,RECURSOS ESPECIFICOS,1212657.0,1190590.74,1190590.74
2016,Beni,TESORO GENERAL,583751890.0,582941858.05,549328565.63
2016,Beni,DONACIONES,4416745.0,4415426.0,4223542.22
2016,Chuquisaca,RECURSOS ESPECIFICOS,1769405.0,1349770.5,1349770.5
2016,Chuquisaca,T.G.N. OTROS INGRESOS,484946.0,65001.34,65001.34
2016,Chuquisaca,TESORO GENERAL,799597028.0,791779365.89,734620883.41
2016,Chuquisaca,DONACIONES,8586597.0,8523357.9,7507901.67
2016,Cochabamba,RECURSOS ESPECIFICOS,6009429.0,2821308.71,2821308.71
2016,Cochabamba,TESORO GENERAL,1968901919.0,1964067157.05,1820939762.5
2016,Cochabamba,DONACIONES,21059979.0,21059163.0,18895809.5
2016,La Paz,RECURSOS ESPECIFICOS,5533580.0,3020939.76,2951303.76
2016,La Paz,TESORO GENERAL,3443714941.0,3431704369.06,3180370620.37
2016,La Paz,DONACIONES,34396339.0,34395115.0,31056209.94
2016,Oruro,RECURSOS ESPECIFICOS,1437335.0,1289982.96,1289982.96
2016,Oruro,TESORO GENERAL,692376103.0,691607222.96,641038290.57
2016,Oruro,DONACIONES,5511896.0,5511488.0,5108759.22
2016,Pando,RECURSOS ESPECIFICOS,664377.0,402756.92,402756.92
2016,Pando,TESORO GENERAL,149802105.0,148597698.22,137294023.04
2016,Pando,DONACIONES,1059692.0,1058522.0,892017.12
2016,Potosí,TESORO GENERAL,1270235233.0,1266140886.23,1173500024.39
2016,Potosí,RECURSOS ESPECIFICOS,3271066.0,2335770.16,2335770.16
2016,Potosí,DONACIONES,11659912.0,11659504.0,11064676.93
2016,Santa Cruz,RECURSOS ESPECIFICOS,12858951.0,5549143.8,5372149.29
2016,Santa Cruz,TESORO GENERAL,2429842887.0,2416429364.39,2239987050.36
2016,Santa Cruz,DONACIONES,33015107.0,33013883.0,30602177.23
2016,Tarija,RECURSOS ESPECIFICOS,1726049.0,1298666.56,1298666.56
2016,Tarija,TESORO GENERAL,661684695.0,660041299.94,611475508.49
2016,Tarija,DONACIONES,7486364.0,7486279.0,6986527.47
2017,Beni,RECURSOS ESPECIFICOS,1720331.0,1543706.57,1543706.57
2017,Beni,TESORO GENERAL,687845579.0,677453703.03,628632748.61
2017,Beni,DONACIONES,222559.0,139256.0,139256.0
2017,Chuquisaca,RECURSOS ESPECIFICOS,2296196.0,1383070.63,1294519.83
2017,Chuquisaca,TESORO GENERAL,885891713.0,884757427.75,819791215.1
2017,Chuquisaca,DONACIONES,171332.0,157522.0,157522.0
2017,Cochabamba,RECURSOS ESPECIFICOS,10315723.0,3276146.49,3276146.49
2017,Cochabamba,T.G.N. OTROS INGRESOS,2198655.0,0.0,0.0
2017,Cochabamba,TESORO GENERAL,2220083238.0,2216432445.32,2054088850.99
2017,La Paz,RECURSOS ESPECIFICOS,5163080.0,3184914.82,3073946.82
2017,La Paz,TESORO GENERAL,3885757430.0,3875264445.36,3591235479.98
2017,Oruro,RECURSOS ESPECIFICOS,2694384.0,1377757.38,1377757.38
2017,Oruro,TESORO GENERAL,779784496.0,778186987.9,721116806.37
2017,Pando,RECURSOS ESPECIFICOS,767616.0,296692.7,296692.7
2017,Pando,DONACIONES,225000.0,130920.75,130920.75
2017,Pando,TESORO GENERAL,182014053.0,177911668.52,164125050.18
2017,Potosí,RECURSOS ESPECIFICOS,3106102.0,1919127.62,1919127.62
2017,Potosí,T.G.N. OTROS INGRESOS,554657.0,0.0,0.0
2017,Potosí,TESORO GENERAL,1405573705.0,1403955642.18,1301051876.42
2017,Santa Cruz,RECURSOS ESPECIFICOS,18954749.0,5392609.28,5392609.28
2017,Santa Cruz,TESORO GENERAL,2749797315.0,2744823898.39,2543886821.78
2017,Tarija,RECURSOS ESPECIFICOS,1582212.0,1134251.14,1116279.81
2017,Tarija,TESORO GENERAL,743319920.0,742733565.39,688455048.16
2018,Beni,RECURSOS ESPECIFICOS,1120239.0,1103031.64,1103031.64
2018,Beni,TESORO GENERAL,774415018.0,771906071.48,718600521.67
2018,Chuquisaca,RECURSOS ESPECIFICOS,2650000.0,1540165.22,1540165.22
2018,Chuquisaca,TESORO GENERAL,1020780358.0,1017306187.08,947109596.7
2018,Chuquisaca,DONACIONES,141680.8,124320.9,124320.9
2018,Cochabamba,RECURSOS ESPECIFICOS,10498391.0,3877462.39,3877462.39
2018,Cochabamba,T.G.N. OTROS INGRESOS,2198655.0,0.0,0.0
2018,Cochabamba,TESORO GENERAL,2576349809.0,2571762032.63,2394379402.99
2018,La Paz,RECURSOS ESPECIFICOS,17077240.0,2791679.7,2791679.7
2018,La Paz,TESORO GENERAL,4459344332.0,4450057395.67,4142527770.91
2018,Oruro,RECURSOS ESPECIFICOS,1890547.0,1293816.2,1293816.2
2018,Oruro,TESORO GENERAL,900990132.0,896395988.02,834316118.61
2018,Pando,RECURSOS ESPECIFICOS,754914.0,419787.56,419787.56
2018,Pando,DONACIONES,16971.25,16971.25,16971.25
2018,Pando,TESORO GENERAL,230793055.0,228043485.61,211743715.27
2018,Potosí,RECURSOS ESPECIFICOS,4070947.0,3492533.09,3492533.09
2018,Potosí,TESORO GENERAL,1613372632.0,1606801461.04,1495582825.43
2018,Santa Cruz,RECURSOS ESPECIFICOS,17964401.0,4860928.29,4844054.45
2018,Santa Cruz,TESORO GENERAL,3160283535.0,3156746114.15,2938834370.3
2018,Tarija,RECURSOS ESPECIFICOS,1744018.0,1268349.58,1255107.58
2018,Tarija,TESORO GENERAL,866017323.0,862703636.33,802898171.6
2019,Beni,RECURSOS ESPECIFICOS,1120239.0,1112604.76,1112604.76
2019,Beni,TESORO GENERAL,777838444.0,776115588.5,719357327.23
2019,Chuquisaca,RECURSOS ESPECIFICOS,2936652.0,1647869.59,1647869.59
2019,Chuquisaca,TESORO GENERAL,1016338031.0,1011958263.35,937613752.43
2019,Chuquisaca,DONACIONES,158767.6,112528.4,112528.4
2019,Cochabamba,RECURSOS ESPECIFICOS,9029572.0,3725592.36,3711609.36
2019,Cochabamba,T.G.N. OTROS INGRESOS,2198655.0,0.0,0.0
2019,Cochabamba,TESORO GENERAL,2585067647.0,2581618357.11,2392141687.24
2019,La Paz,RECURSOS ESPECIFICOS,17617940.0,3080775.31,2956747.31
2019,La Paz,TESORO GENERAL,4452115525.0,4445689646.38,4119442988.89
2019,Oruro,RECURSOS ESPECIFICOS,2184079.0,1173599.69,1173599.69
2019,Oruro,TESORO GENERAL,898552950.0,896961740.13,831149062.54
2019,Pando,RECURSOS ESPECIFICOS,662959.0,259604.08,259604.08
2019,Pando,TESORO GENERAL,239431316.0,237908831.95,220071463.42
2019,Potosí,TESORO GENERAL,1597668069.0,1595854486.5,1478553072.1
2019,Potosí,RECURSOS ESPECIFICOS,3209470.0,1727510.84,1727510.84
2019,Potosí,T.G.N. OTROS INGRESOS,478537.0,371712.52,371712.52
2019,Santa Cruz,RECURSOS ESPECIFICOS,19246895.0,3643440.25,3419879.3
2019,Santa Cruz,TESORO GENERAL,3184776329.0,3179774881.92,2946912801.22
2019,Tarija,RECURSOS ESPECIFICOS,1308318.0,1018539.26,1009089.26
2019,Tarija,TESORO GENERAL,864370474.0,863979662.9,800419580.77
2020,Beni,RECURSOS ESPECIFICOS,1560894.0,617487.31,616477.31
2020,Beni,TESORO GENERAL,786517336.0,772866464.92,712463087.79
2020,Chuquisaca,RECURSOS ESPECIFICOS,2430634.0,1014748.26,1014748.26
2020,Chuquisaca,TESORO GENERAL,1026825103.0,1010645587.86,930720922.3
2020,Cochabamba,RECURSOS ESPECIFICOS,4528235.0,1746339.08,1730969.08
2020,Cochabamba,TESORO GENERAL,2617535509.0,2584511418.45,2379466470.26
2020,La Paz,RECURSOS ESPECIFICOS,16837877.0,2275376.89,2145567.09
2020,La Paz,TESORO GENERAL,4506194356.0,4429842225.22,4079105258.24
2020,Oruro,RECURSOS ESPECIFICOS,2067630.0,651074.72,651074.72
2020,Oruro,TESORO GENERAL,906886613.0,897201687.16,827092535.17
2020,Pando,RECURSOS ESPECIFICOS,751530.0,366693.57,366693.57
2020,Pando,TESORO GENERAL,242158363.0,239161695.91,220365462.38
2020,Potosí,RECURSOS ESPECIFICOS,2738010.0,992581.79,992581.79
2020,Potosí,T.G.N. OTROS INGRESOS,147914.0,10188.92,10188.92
2020,Potosí,TESORO GENERAL,1611863448.0,1590915839.04,1465393307.31
2020,Santa Cruz,RECURSOS ESPECIFICOS,17444264.0,3580259.98,3563696.0
2020,Santa Cruz,TESORO GENERAL,3227628513.0,3177788417.15,2926713443.89
2020,Tarija,RECURSOS ESPECIFICOS,757374.0,515184.93,515184.93
2020,Tarija,TESORO GENERAL,875109427.0,863421644.21,794717977.95
2021,Beni,RECURSOS ESPECIFICOS,1041180.0,1026340.9,1026340.9
2021,Beni,TESORO GENERAL,809127427.0,797532468.4,739573802.54
2021,Chuquisaca,RECURSOS ESPECIFICOS,2077301.0,1289382.42,1289382.42
2021,Chuquisaca,TESORO GENERAL,1059563792.0,1041284033.16,965296984.55
2021,Cochabamba,RECURSOS ESPECIFICOS,5246553.0,3617060.34,3601690.34
2021,Cochabamba,TESORO GENERAL,2696211021.0,2663645438.01,2469563362.19
2021,La Paz,RECURSOS ESPECIFICOS,6097730.0,3306192.78,3273683.78
2021,La Paz,TESORO GENERAL,4636816719.0,4565566464.17,4232845023.04
2021,Oruro,RECURSOS ESPECIFICOS,1634892.0,1004103.43,1004103.43
2021,Oruro,TESORO GENERAL,936121592.0,915005241.28,848408996.62
2021,Pando,RECURSOS ESPECIFICOS,762367.0,415634.48,415634.48
2021,Pando,TESORO GENERAL,250353519.0,248935375.19,230492475.67
2021,Potosí,RECURSOS ESPECIFICOS,2979140.0,1416575.54,1416575.54
2021,Potosí,T.G.N. OTROS INGRESOS,173378.0,64603.9,64603.9
2021,Potosí,TESORO GENERAL,1661176965.0,1628173228.47,1509286840.64
2021,Santa Cruz,RECURSOS ESPECIFICOS,16892550.0,5957633.14,5926766.47
2021,Santa Cruz,TESORO GENERAL,3318851321.0,3285843136.21,3046920523.76
2021,Tarija,RECURSOS ESPECIFICOS,1109292.0,772486.17,772486.17
2021,Tarija,TESORO GENERAL,900313254.0,891366012.39,826275086.0
2022,Beni,RECURSOS ESPECIFICOS,1145924.0,1108762.09,1108762.09
2022,Beni,TESORO GENERAL,854461400.0,835623529.75,774242114.11
2022,Chuquisaca,RECURSOS ESPECIFICOS,2946479.0,1707338.04,1707338.04
2022,Chuquisaca,TESORO GENERAL,1096817005.0,1086421296.67,1006607480.22
2022,Chuquisaca,DONACIONES,122000.0,120315.0,120315.0
2022,Cochabamba,RECURSOS ESPECIFICOS,6453067.0,3829177.55,3813807.55
2022,Cochabamba,TESORO GENERAL,2832719090.0,2802560045.72,2596837984.33
2022,La Paz,RECURSOS ESPECIFICOS,19999244.0,4792567.06,4736925.06
2022,La Paz,TESORO GENERAL,4796215903.0,4759790887.21,4410087002.7
2022,Oruro,RECURSOS ESPECIFICOS,2530883.0,1329671.97,1329671.97
2022,Oruro,TESORO GENERAL,969678699.0,956164948.77,885980131.86
2022,Pando,RECURSOS ESPECIFICOS,991630.0,474250.92,474250.92
2022,Pando,TESORO GENERAL,304695324.0,264695837.26,245025579.16
2022,Potosí,RECURSOS ESPECIFICOS,3741917.0,1744857.6,1744857.6
2022,Potosí,T.G.N. OTROS INGRESOS,108151.0,84344.27,84344.27
2022,Potosí,TESORO GENERAL,1712149647.0,1698673374.04,1573713525.62
2022,Santa Cruz,RECURSOS ESPECIFICOS,18938997.0,5580931.77,5544517.44
2022,Santa Cruz,TESORO GENERAL,3456997929.0,3438997772.91,3186408045.62
2022,Tarija,RECURSOS ESPECIFICOS,1273694.0,721005.96,721005.96
2022,Tarija,TESORO GENERAL,945732862.0,933563748.21,864886129.38
2023,Beni,RECURSOS ESPECIFICOS,1281093.0,1272513.0,1272513.0
2023,Beni,TESORO GENERAL,879231836.0,876415065.3,811912155.43
2023,Chuquisaca,RECURSOS ESPECIFICOS,3008265.0,1748392.85,1748392.85
2023,Chuquisaca,TESORO GENERAL,1138528485.0,1133650363.08,1050016457.06
2023,Cochabamba,RECURSOS ESPECIFICOS,14453344.0,4508784.85,4466560.85
2023,Cochabamba,TESORO GENERAL,2960409576.0,2948630414.48,2731433586.9
2023,La Paz,RECURSOS ESPECIFICOS,26672876.0,10872727.7,10701075.0
2023,La Paz,TESORO GENERAL,4998363099.0,4975255327.5,4609131736.12
2023,Oruro,RECURSOS ESPECIFICOS,2001306.0,1309529.31,1309529.31
2023,Oruro,TESORO GENERAL,1005831514.0,1000964203.18,927335015.31
2023,Pando,RECURSOS ESPECIFICOS,970435.0,528558.1,528558.1
2023,Pando,TESORO GENERAL,281438194.0,280543247.99,259644407.83
2023,Potosí,RECURSOS ESPECIFICOS,2943738.0,1740685.57,1740685.57
2023,Potosí,TESORO GENERAL,1773611411.0,1766620872.27,1636462954.94
2023,Santa Cruz,RECURSOS ESPECIFICOS,22471543.0,7535690.14,7455811.78
2023,Santa Cruz,TESORO GENERAL,3627196856.0,3612275492.66,3346414869.68
2023,Tarija,RECURSOS ESPECIFICOS,694748.0,666724.6,666724.6
2023,Tarija,TESORO GENERAL,981328407.0,977371849.0,905248159.3
2024,Beni,RECURSOS ESPECIFICOS,1233348.0,1222903.16,1205591.88
2024,Beni,TESORO GENERAL,921069013.0,917863910.1,849776415.32
2024,Chuquisaca,RECURSOS ESPECIFICOS,2853176.0,1578516.2,1578516.2
2024,Chuquisaca,TESORO GENERAL,1190176356.0,1185001960.65,1097200578.19
2024,Cochabamba,RECURSOS ESPECIFICOS,21355312.0,4251425.95,3921371.43
2024,Cochabamba,TESORO GENERAL,3120095566.0,3109278903.54,2879139509.73
2024,La Paz,RECURSOS ESPECIFICOS,25241432.0,5429346.71,5070106.55
2024,La Paz,TESORO GENERAL,5242544415.0,5222304196.65,4836177200.88
2024,Oruro,RECURSOS ESPECIFICOS,2014215.0,1580522.89,1580522.89
2024,Oruro,TESORO GENERAL,1055598465.0,1051430045.04,973722966.24
2024,Pando,RECURSOS ESPECIFICOS,977925.0,816463.92,786709.22
2024,Pando,TESORO GENERAL,298138110.0,296765195.52,274469137.81
2024,Potosí,RECURSOS ESPECIFICOS,3029606.0,1963975.04,1808979.93
2024,Potosí,TESORO GENERAL,1855003505.0,1848431116.98,1711348349.95
2024,Santa Cruz,RECURSOS ESPECIFICOS,21429031.0,13822961.55,12069905.22
2024,Santa Cruz,TESORO GENERAL,3817333127.0,3803816523.32,3521572811.13
2024,Tarija,RECURSOS ESPECIFICOS,833843.0,702339.35,684220.85
2024,Tarija,TESORO GENERAL,1031683121.0,1028087379.67,951672822.02
2025,Beni,RECURSOS ESPECIFICOS,1313856.0,1269467.74,1265802.07
2025,Beni,TESORO GENERAL,993836231.0,986737618.59,913837973.62
2025,Chuquisaca,RECURSOS ESPECIFICOS,3265526.0,2186420.09,2186300.09
2025,Chuquisaca,TESORO GENERAL,1290009601.0,1272034693.99,1178170406.96
2025,Cochabamba,RECURSOS ESPECIFICOS,23001828.71,10352664.6,8338186.56
2025,Cochabamba,TESORO GENERAL,3387928341.29,3357390114.7,3109229332.84
2025,La Paz,RECURSOS ESPECIFICOS,29085455.0,5917290.05,5808264.06
2025,La Paz,TESORO GENERAL,5675632179.0,5621964308.23,5208522120.48
2025,Oruro,RECURSOS ESPECIFICOS,2183650.0,1783024.54,1783024.54
2025,Oruro,TESORO GENERAL,1137223391.0,1128781651.53,1045686452.03
2025,Pando,RECURSOS ESPECIFICOS,1531985.0,1398561.07,1393591.07
2025,Pando,TESORO GENERAL,323968591.0,321378777.26,297317804.32
2025,Potosí,RECURSOS ESPECIFICOS,2901170.0,1660898.07,1660898.07
2025,Potosí,T.G.N. OTROS INGRESOS,23807.0,0.0,0.0
2025,Potosí,TESORO GENERAL,1998437884.0,1984379627.9,1837897681.73
2025,Santa Cruz,RECURSOS ESPECIFICOS,25066247.0,16742737.85,16660972.22
2025,Santa Cruz,TESORO GENERAL,4146288369.0,4111810537.65,3805958241.08
2025,Tarija,RECURSOS ESPECIFICOS,1120268.0,949334.91,947588.37
2025,Tarija,TESORO GENERAL,1115599686.0,1104951543.25,1023521863.64
