y,d,i,v,e,pa,n
2016,Beni,541193399.0,589381292.0,588547874.79,554742698.59,214
2016,Chuquisaca,736015728.0,810437976.0,801717495.63,743543556.92,221
2016,Cochabamba,1771488970.0,1995971327.0,1987947628.76,1842656880.71,256
2016,La Paz,3087400387.0,3483644860.0,3469120423.82,3214378134.07,279
2016,Oruro,627074564.0,699325334.0,698408693.92,647437032.75,220
2016,Pando,138516675.0,151526174.0,150058977.14,138588797.08,185
2016,Potosí,1155380709.0,1285166211.0,1280136160.39,1186900471.48,253
2016,Santa Cruz,2208254150.0,2475716945.0,2454992391.19,2275961376.88,466
2016,Tarija,606413864.0,670897108.0,668826245.5,619760702.52,268
2017,Beni,578314174.0,689788469.0,679136665.6,630315711.18,262
2017,Chuquisaca,772791031.0,888359241.0,886298020.38,821243256.93,244
2017,Cochabamba,1940093711.0,2232597616.0,2219708591.81,2057364997.48,325
2017,La Paz,3372697734.0,3890920510.0,3878449360.18,3594309426.8,315
2017,Oruro,677200761.0,782478880.0,779564745.28,722494563.75,275
2017,Pando,148004171.0,183006669.0,178339281.97,164552663.63,317
2017,Potosí,1232487256.0,1409234464.0,1405874769.8,1302971004.04,253
2017,Santa Cruz,2411869619.0,2768752064.0,2750216507.67,2549279431.06,307
2017,Tarija,647755435.0,744902132.0,743867816.53,689571327.97,296
2018,Beni,625273806.0,775535257.0,773009103.12,719703553.31,272
2018,Chuquisaca,832860403.0,1023572038.8,1018970673.2,948774082.82,250
2018,Cochabamba,2104327588.0,2589046855.0,2575639495.02,2398256865.38,305
2018,La Paz,3702560522.0,4476421572.0,4452849075.37,4145319450.61,278
2018,Oruro,743950937.0,902880679.0,897689804.22,835609934.81,269
2018,Pando,170559632.0,231564940.25,228480244.42,212180474.08,168
2018,Potosí,1318451521.0,1617443579.0,1610293994.13,1499075358.52,233
2018,Santa Cruz,2627321292.0,3178247936.0,3161607042.44,2943678424.75,312
2018,Tarija,705732424.0,867761341.0,863971985.91,804153279.18,277
2019,Beni,639704480.0,778958683.0,777228193.26,720469931.99,245
2019,Chuquisaca,841625346.0,1019433450.6,1013718661.34,939374150.42,243
2019,Cochabamba,2130684813.0,2596295874.0,2585343949.47,2395853296.6,260
2019,La Paz,3699842762.0,4469733465.0,4448770421.69,4122399736.2,274
2019,Oruro,742305485.0,900737029.0,898135339.82,832322662.23,259
2019,Pando,192485096.0,240094275.0,238168436.03,220331067.5,166
2019,Potosí,1330305173.0,1601356076.0,1597953709.86,1480652295.46,238
2019,Santa Cruz,2610798576.0,3204023224.0,3183418322.17,2950332680.52,304
2019,Tarija,715668292.0,865678792.0,864998202.16,801428670.03,258
2020,Beni,788078230.0,788078230.0,773483952.23,713079565.1,238
2020,Chuquisaca,1029412737.0,1029255737.0,1011660336.12,931735670.56,215
2020,Cochabamba,2622339840.0,2622063744.0,2586257757.53,2381197439.34,258
2020,La Paz,4523822556.0,4523032233.0,4432117602.11,4081250825.33,296
2020,Oruro,908392151.0,908954243.0,897852761.88,827743609.89,242
2020,Pando,242909893.0,242909893.0,239528389.48,220732155.95,189
2020,Potosí,1614749372.0,1614749372.0,1591918609.75,1466396078.02,207
2020,Santa Cruz,3245072777.0,3245072777.0,3181368677.13,2930277139.89,297
2020,Tarija,875971627.0,875866801.0,863936829.14,795233162.88,248
2021,Beni,803055704.0,810168607.0,798558809.3,740600143.44,231
2021,Chuquisaca,1050824520.0,1061641093.0,1042573415.58,966586366.97,195
2021,Cochabamba,2672754381.0,2701457574.0,2667262498.35,2473165052.53,255
2021,La Paz,4595919679.0,4642914449.0,4568872656.95,4236118706.82,313
2021,Oruro,929562498.0,937756484.0,916009344.71,849413100.05,240
2021,Pando,249055155.0,251115886.0,249351009.67,230908110.15,187
2021,Potosí,1648047031.0,1664329483.0,1629654407.91,1510768020.08,245
2021,Santa Cruz,3301693135.0,3335743871.0,3291800769.35,3052847290.23,302
2021,Tarija,892000006.0,901422546.0,892138498.56,827047572.17,271
2022,Beni,841620265.0,855607324.0,836732291.84,775350876.2,235
2022,Chuquisaca,1079008148.0,1099885484.0,1088248949.71,1008435133.26,210
2022,Cochabamba,2689088002.0,2839172157.0,2806389223.27,2600651791.88,260
2022,La Paz,4566574443.0,4816215147.0,4764583454.27,4414823927.76,318
2022,Oruro,954531174.0,972209582.0,957494620.74,887309803.83,247
2022,Pando,298844951.0,305686954.0,265170088.18,245499830.08,190
2022,Potosí,1657597033.0,1715999715.0,1700502575.91,1575542727.49,221
2022,Santa Cruz,3308557944.0,3475936926.0,3444578704.68,3191952563.06,301
2022,Tarija,927946310.0,947006556.0,934284754.17,865607135.34,294
2023,Beni,850233555.0,880512929.0,877687578.3,813184668.43,227
2023,Chuquisaca,1100811709.0,1141536750.0,1135398755.93,1051764849.91,194
2023,Cochabamba,2848583005.0,2974862920.0,2953139199.33,2735900147.75,264
2023,La Paz,4838421988.0,5025035975.0,4986128055.2,4619832811.12,297
2023,Oruro,969367161.0,1007832820.0,1002273732.49,928644544.62,250
2023,Pando,271502704.0,282408629.0,281071806.09,260172965.93,184
2023,Potosí,1717775507.0,1776555149.0,1768361557.84,1638203640.51,219
2023,Santa Cruz,3496880153.0,3649668399.0,3619811182.8,3353870681.46,300
2023,Tarija,943490928.0,982023155.0,978038573.6,905914883.9,281
2024,Beni,900113527.0,922302361.0,919086813.26,850982007.2,229
2024,Chuquisaca,1160479097.0,1193029532.0,1186580476.85,1098779094.39,201
2024,Cochabamba,3030928006.0,3141450878.0,3113530329.49,2883060881.16,275
2024,La Paz,5099573059.0,5267785847.0,5227733543.36,4841247307.43,294
2024,Oruro,1027078019.0,1057612680.0,1053010567.93,975303489.13,252
2024,Pando,287984730.0,299116035.0,297581659.44,275255847.03,181
2024,Potosí,1784322772.0,1858033111.0,1850395092.02,1713157329.88,223
2024,Santa Cruz,3723805199.0,3838762158.0,3817639484.87,3533642716.35,287
2024,Tarija,997271752.0,1032516964.0,1028789719.02,952357042.87,283
2025,Beni,935992923.0,995150087.0,988007086.33,915103775.69,229
2025,Chuquisaca,1207973178.0,1293275127.0,1274221114.08,1180356707.05,213
2025,Cochabamba,3193179824.0,3410930170.0,3367742779.3,3117567519.4,276
2025,La Paz,5396381250.0,5704717634.0,5627881598.28,5214330384.54,300
2025,Oruro,1067280698.0,1139407041.0,1130564676.07,1047469476.57,248
2025,Pando,304275296.0,325500576.0,322777338.33,298711395.39,192
2025,Potosí,1869892945.0,2001362861.0,1986040525.97,1839558579.8,220
2025,Santa Cruz,3966730017.0,4171354616.0,4128553275.5,3822619213.3,297
2025,Tarija,1038572471.0,1116719954.0,1105900878.16,1024469452.01,255
