"model_id","model","term","estimate","cluster_se","t_stat","p_value","conf_low","conf_high","observations","parameters","clusters","r_squared","adj_r_squared"
"model1","Model 1: Pooled OLS","Intercept","-1.92195877966194","0.175614573911411","-10.944187244001","7.71878339023147E-09","-2.2661633445283","-1.57775421479557","178","6","17","0.97917962277802","0.978574379254125"
"model1","Model 1: Pooled OLS","labor_informality","0.0129159697592103","0.00156710903332474","8.24190881716001","3.75976462407834E-07","0.0098444360538938","0.0159875034645268","178","6","17","0.97917962277802","0.978574379254125"
"model1","Model 1: Pooled OLS","social_protection_coverage","-0.0102879693878748","0.000719681415502825","-14.2951716777164","1.56899382375286E-10","-0.0116985449622604","-0.00887739381348929","178","6","17","0.97917962277802","0.978574379254125"
"model1","Model 1: Pooled OLS","gdp_per_capita_1000","-0.0333045772681823","0.00473696685604476","-7.0307811475782","2.83866149897172E-06","-0.04258903230603","-0.0240201222303346","178","6","17","0.97917962277802","0.978574379254125"
"model1","Model 1: Pooled OLS","unemployment","0.0490172140411448","0.00487605142641371","10.0526450101853","2.55320726783026E-08","0.0394601532453739","0.0585742748369157","178","6","17","0.97917962277802","0.978574379254125"
"model1","Model 1: Pooled OLS","gini","0.0322050781694452","0.00363421148966579","8.86164117333932","1.43555081377755E-07","0.0250820236497002","0.0393281326891901","178","6","17","0.97917962277802","0.978574379254125"
"model2","Model 2: Country Fixed Effects","Intercept","-2.2556478592375","0.128705713622298","-17.5256233445624","7.25486337671555E-12","-2.50791105793721","-2.0033846605378","178","22","17","0.996916235822722","0.996501113721935"
"model2","Model 2: Country Fixed Effects","labor_informality","0.0105491155704215","0.00113377631544539","9.30440636897358","7.41808854343162E-08","0.00832691399214852","0.0127713171486944","178","22","17","0.996916235822722","0.996501113721935"
"model2","Model 2: Country Fixed Effects","social_protection_coverage","-0.00991042003125748","0.000448697583970954","-22.0870813333798","2.06057393370429E-13","-0.0107898672958405","-0.00903097276667441","178","22","17","0.996916235822722","0.996501113721935"
"model2","Model 2: Country Fixed Effects","gdp_per_capita_1000","-0.0315756491052278","0.0069969886181432","-4.5127483876924","0.00035408469200493","-0.0452897467967885","-0.0178615514136671","178","22","17","0.996916235822722","0.996501113721935"
"model2","Model 2: Country Fixed Effects","unemployment","0.0493619798482245","0.00156942220158946","31.4523267214089","8.88178419700125E-16","0.0462859123331092","0.0524380473633399","178","22","17","0.996916235822722","0.996501113721935"
"model2","Model 2: Country Fixed Effects","gini","0.0402836144931696","0.00232577378188093","17.3205213709955","8.6808338295441E-12","0.035725097880683","0.0448421311056562","178","22","17","0.996916235822722","0.996501113721935"
"model2","Model 2: Country Fixed Effects","country_fe_BOL","0.0470534566980958","0.0935856925710451","0.502784724944739","0.621965578140705","-0.136374500741153","0.230481414137344","178","22","17","0.996916235822722","0.996501113721935"
"model2","Model 2: Country Fixed Effects","country_fe_BRA","-0.0533199854747173","0.0338119940213766","-1.57695477649166","0.134370046650744","-0.119591493756615","0.0129515228071809","178","22","17","0.996916235822722","0.996501113721935"
"model2","Model 2: Country Fixed Effects","country_fe_CHL","-0.00141672578966068","0.0256351053408172","-0.0552650660422649","0.956611516025727","-0.0516615322576623","0.048828080678341","178","22","17","0.996916235822722","0.996501113721935"
"model2","Model 2: Country Fixed Effects","country_fe_COL","0.0274467746817539","0.0530253921614782","0.517615684918846","0.61180891254347","-0.0764829939547434","0.131376543318251","178","22","17","0.996916235822722","0.996501113721935"
"model2","Model 2: Country Fixed Effects","country_fe_CRI","-0.0310020875006027","0.0229467503147398","-1.35104479176245","0.195478181364447","-0.0759777181174928","0.0139735431162874","178","22","17","0.996916235822722","0.996501113721935"
"model2","Model 2: Country Fixed Effects","country_fe_DOM","0.0442703387387662","0.0470819648073024","0.940282312345211","0.361052922012853","-0.0480103122835466","0.136550989761079","178","22","17","0.996916235822722","0.996501113721935"
"model2","Model 2: Country Fixed Effects","country_fe_ECU","0.0461555807284146","0.0590777904357643","0.781267890826078","0.446051862807836","-0.0696368885256834","0.161948049982513","178","22","17","0.996916235822722","0.996501113721935"
"model2","Model 2: Country Fixed Effects","country_fe_GTM","0.0805977373069329","0.0809980418390067","0.99505784926419","0.334519597692319","-0.0781584246975203","0.239353899311386","178","22","17","0.996916235822722","0.996501113721935"
"model2","Model 2: Country Fixed Effects","country_fe_HND","0.222699846726794","0.0908859020615871","2.45032333591062","0.0261558231510637","0.0445634786860833","0.400836214767505","178","22","17","0.996916235822722","0.996501113721935"
"model2","Model 2: Country Fixed Effects","country_fe_HTI","0.598277739240682","0.117236804648682","5.10315630857998","0.000106350718768411","0.368493602129265","0.8280618763521","178","22","17","0.996916235822722","0.996501113721935"
"model2","Model 2: Country Fixed Effects","country_fe_MEX","0.104161472401606","0.0256090456555178","4.067370326983","0.000895831282207826","0.0539677429167911","0.154355201886421","178","22","17","0.996916235822722","0.996501113721935"
"model2","Model 2: Country Fixed Effects","country_fe_PAN","0.0216623941086409","0.0272319470645779","0.795477240656743","0.437978623716516","-0.0317122221379318","0.0750370103552136","178","22","17","0.996916235822722","0.996501113721935"
"model2","Model 2: Country Fixed Effects","country_fe_PER","0.141579631846514","0.0664383950414943","2.13099114989293","0.0489483041338328","0.0113603775651855","0.271798886127843","178","22","17","0.996916235822722","0.996501113721935"
"model2","Model 2: Country Fixed Effects","country_fe_PRY","0.0120297720064362","0.0645729668814248","0.186297340627486","0.854553131277508","-0.114533243081156","0.138592787094029","178","22","17","0.996916235822722","0.996501113721935"
"model2","Model 2: Country Fixed Effects","country_fe_SLV","0.214365397964915","0.0823671076958493","2.60256070610717","0.0192404641068444","0.0529258668810505","0.37580492904878","178","22","17","0.996916235822722","0.996501113721935"
"model2","Model 2: Country Fixed Effects","country_fe_URY","0.0663805809209217","0.0369536668533017","1.79631919031036","0.0913480879353346","-0.00604860611154968","0.138809767953393","178","22","17","0.996916235822722","0.996501113721935"
"model3","Model 3: Two-Way Fixed Effects","Intercept","-2.21498192590939","0.101222625684822","-21.8822808727191","2.38031816479634E-13","-2.41337827225164","-2.01658557956714","178","39","17","0.997745331700735","0.997128947561367"
"model3","Model 3: Two-Way Fixed Effects","labor_informality","0.010320590514906","0.00102875997110554","10.0320685143057","2.62712638310347E-08","0.00830422097153913","0.0123369600582729","178","39","17","0.997745331700735","0.997128947561367"
"model3","Model 3: Two-Way Fixed Effects","social_protection_coverage","-0.0101693007958407","0.000448816189755799","-22.6580525122629","1.3855583347322E-13","-0.011048980527762","-0.0092896210639193","178","39","17","0.997745331700735","0.997128947561367"
"model3","Model 3: Two-Way Fixed Effects","gdp_per_capita_1000","-0.0219400450381576","0.00974949168209151","-2.25037835341288","0.03884483628442","-0.041049048735057","-0.00283104134125828","178","39","17","0.997745331700735","0.997128947561367"
"model3","Model 3: Two-Way Fixed Effects","unemployment","0.0537216325519361","0.00255632863673985","21.0151510959282","4.45421477479613E-13","0.048711228423926","0.0587320366799462","178","39","17","0.997745331700735","0.997128947561367"
"model3","Model 3: Two-Way Fixed Effects","gini","0.035882389782585","0.00274549584233528","13.069548031828","5.91573234842713E-10","0.0305012179316078","0.0412635616335622","178","39","17","0.997745331700735","0.997128947561367"
"model3","Model 3: Two-Way Fixed Effects","country_fe_BOL","0.191067334567241","0.131248823287746","1.45576417205928","0.16479901538807","-0.0661803590767424","0.448315028211223","178","39","17","0.997745331700735","0.997128947561367"
"model3","Model 3: Two-Way Fixed Effects","country_fe_BRA","0.0231174478263696","0.0555539175104292","0.416126330281384","0.68284575171696","-0.0857682304940716","0.132003126146811","178","39","17","0.997745331700735","0.997128947561367"
"model3","Model 3: Two-Way Fixed Effects","country_fe_CHL","0.0192664870597141","0.0230539741814682","0.83571218168542","0.415623026825063","-0.0259193023359635","0.0644522764553918","178","39","17","0.997745331700735","0.997128947561367"
"model3","Model 3: Two-Way Fixed Effects","country_fe_COL","0.131691733669108","0.0854735636871799","1.54073058368175","0.142925572219005","-0.0358364511577648","0.29921991849598","178","39","17","0.997745331700735","0.997128947561367"
"model3","Model 3: Two-Way Fixed Effects","country_fe_CRI","-0.00111397845165576","0.0250072120220392","-0.0445462873139953","0.965020182616234","-0.0501281140148526","0.0479001571115411","178","39","17","0.997745331700735","0.997128947561367"
"model3","Model 3: Two-Way Fixed Effects","country_fe_DOM","0.114701948896327","0.0671969682880518","1.70695124822651","0.107160120038703","-0.0170041089482544","0.246408006740909","178","39","17","0.997745331700735","0.997128947561367"
"model3","Model 3: Two-Way Fixed Effects","country_fe_ECU","0.153845694665208","0.0895768632767329","1.71747133174252","0.105182714438004","-0.0217249573571885","0.329416346687605","178","39","17","0.997745331700735","0.997128947561367"
"model3","Model 3: Two-Way Fixed Effects","country_fe_GTM","0.246575899602829","0.117420148098109","2.09994539775922","0.0519459885940425","0.016432409330536","0.476719389875121","178","39","17","0.997745331700735","0.997128947561367"
"model3","Model 3: Two-Way Fixed Effects","country_fe_HND","0.369673103456661","0.130550449254315","2.83164941651429","0.0120289590577292","0.113794222918203","0.625551983995119","178","39","17","0.997745331700735","0.997128947561367"
"model3","Model 3: Two-Way Fixed Effects","country_fe_HTI","0.658848247154213","0.133805396600489","4.92392880924958","0.000152618286376915","0.396589669817255","0.921106824491171","178","39","17","0.997745331700735","0.997128947561367"
"model3","Model 3: Two-Way Fixed Effects","country_fe_MEX","0.167478496526033","0.0443972512529262","3.7722717465531","0.00166750012779104","0.0804598840702975","0.254497108981768","178","39","17","0.997745331700735","0.997128947561367"
"model3","Model 3: Two-Way Fixed Effects","country_fe_PAN","0.064139394052013","0.030936410191008","2.07326556817687","0.0546554657655887","0.00350403007763736","0.124774758026389","178","39","17","0.997745331700735","0.997128947561367"
"model3","Model 3: Two-Way Fixed Effects","country_fe_PER","0.239023861562906","0.0922643353173714","2.59064199336298","0.0197117866251224","0.0581857643408576","0.419861958784953","178","39","17","0.997745331700735","0.997128947561367"
"model3","Model 3: Two-Way Fixed Effects","country_fe_PRY","0.121750806240294","0.0950322857107104","1.28115203511907","0.218398389034534","-0.0645124737526988","0.308014086233286","178","39","17","0.997745331700735","0.997128947561367"
"model3","Model 3: Two-Way Fixed Effects","country_fe_SLV","0.330943476177322","0.114590126585599","2.88806275059052","0.0107028227759856","0.106346828069547","0.555540124285097","178","39","17","0.997745331700735","0.997128947561367"
"model3","Model 3: Two-Way Fixed Effects","country_fe_URY","0.0287440221833137","0.0412932874715258","0.696094303538667","0.496357944585553","-0.0521908212608769","0.109678865627504","178","39","17","0.997745331700735","0.997128947561367"
"model3","Model 3: Two-Way Fixed Effects","year_fe_2007","0.0758066602768135","0.0208635279016787","3.6334535862803","0.00223550589413612","0.0349141455895233","0.116699174964104","178","39","17","0.997745331700735","0.997128947561367"
"model3","Model 3: Two-Way Fixed Effects","year_fe_2008","0.0554979009554254","0.0251233854889883","2.20901362914446","0.04210348876175","0.00625606539700824","0.104739736513843","178","39","17","0.997745331700735","0.997128947561367"
"model3","Model 3: Two-Way Fixed Effects","year_fe_2009","0.0508927459819942","0.0237590285912156","2.14203816400182","0.0479205483123872","0.00432504994321163","0.0974604420207767","178","39","17","0.997745331700735","0.997128947561367"
"model3","Model 3: Two-Way Fixed Effects","year_fe_2010","0.0415433276310703","0.0258901378244303","1.60460048195918","0.128135985442369","-0.00920134250481296","0.0922879977669536","178","39","17","0.997745331700735","0.997128947561367"
"model3","Model 3: Two-Way Fixed Effects","year_fe_2011","0.0324154233917113","0.0266841215662507","1.21478323021544","0.242072774803738","-0.01988545487814","0.0847163016615626","178","39","17","0.997745331700735","0.997128947561367"
"model3","Model 3: Two-Way Fixed Effects","year_fe_2012","0.0311005198862526","0.0282442499760013","1.10112748303383","0.287131271719564","-0.02425821006671","0.0864592498392152","178","39","17","0.997745331700735","0.997128947561367"
"model3","Model 3: Two-Way Fixed Effects","year_fe_2013","0.0233801819599559","0.0319492877139273","0.731790397623293","0.474879479655097","-0.0392404219593417","0.0860007858792535","178","39","17","0.997745331700735","0.997128947561367"
"model3","Model 3: Two-Way Fixed Effects","year_fe_2014","0.0152917387243354","0.0330044846164146","0.463323057519588","0.649372810364115","-0.0493970511238373","0.0799805285725081","178","39","17","0.997745331700735","0.997128947561367"
"model3","Model 3: Two-Way Fixed Effects","year_fe_2015","0.0100413422958017","0.0326027135018689","0.307990998823645","0.76206245841513","-0.0538599761678612","0.0739426607594647","178","39","17","0.997745331700735","0.997128947561367"
"model3","Model 3: Two-Way Fixed Effects","year_fe_2016","0.00230417794471383","0.0317471769034025","0.0725789871560792","0.943040708067582","-0.0599202887859551","0.0645286446753828","178","39","17","0.997745331700735","0.997128947561367"
"model3","Model 3: Two-Way Fixed Effects","year_fe_2017","-0.00131962584716749","0.0335519408144309","-0.0393308349721431","0.969113206613732","-0.067081429843452","0.064442178149117","178","39","17","0.997745331700735","0.997128947561367"
"model3","Model 3: Two-Way Fixed Effects","year_fe_2018","-0.0117197091377167","0.0346755175958777","-0.337982240793142","0.739770540571416","-0.079683723625637","0.0562443053502035","178","39","17","0.997745331700735","0.997128947561367"
"model3","Model 3: Two-Way Fixed Effects","year_fe_2019","-0.0211464656767521","0.0362126885249987","-0.583951828435883","0.567395016099778","-0.0921233351857495","0.0498304038322453","178","39","17","0.997745331700735","0.997128947561367"
"model3","Model 3: Two-Way Fixed Effects","year_fe_2020","-0.000276210395215248","0.0346848247264367","-0.00796343638446359","0.993744612101508","-0.0682584668590312","0.0677060460686007","178","39","17","0.997745331700735","0.997128947561367"
"model3","Model 3: Two-Way Fixed Effects","year_fe_2021","-0.0109498278866133","0.0378219834896081","-0.289509615211529","0.775909353429159","-0.0850809155262451","0.0631812597530186","178","39","17","0.997745331700735","0.997128947561367"
"model3","Model 3: Two-Way Fixed Effects","year_fe_2022","-0.00966214508467306","0.0412070163828853","-0.234478152819773","0.817587992885927","-0.0904278971951283","0.0711036070257822","178","39","17","0.997745331700735","0.997128947561367"
"model3","Model 3: Two-Way Fixed Effects","year_fe_2023","0.0178527568330138","0.0556157855162777","0.321001612532985","0.752363974604607","-0.0911541827788905","0.126859696444918","178","39","17","0.997745331700735","0.997128947561367"
