"iso3","country_name","year","dependent","labor_informality","social_protection_coverage","gdp_per_capita_1000","unemployment","gini"
"ARG","Argentina","2006","-0.0385275595878297","56.024","33.3358348155909","11.8702791559298","10.078","46.4"
"ARG","Argentina","2010","-0.404927225585028","49.336","37.8010070793346","13.3871553748458","7.714","43.7"
"ARG","Argentina","2011","-0.533532453921275","48.498","42.1377265862186","14.0406189124444","7.18","42.7"
"ARG","Argentina","2012","-0.563199324829323","48.474","41.0549899327029","13.7544254235596","7.217","41.4"
"ARG","Argentina","2013","-0.631987747944973","48.05","46.3608004514744","13.9460950832252","7.1","41.1"
"ARG","Argentina","2014","-0.577676026730954","47.444","44.6937872308814","13.4561319159151","7.268","41.8"
"ARG","Argentina","2016","-0.572328693900529","47.7756666666667","52.273354344279","13.2658860639123","8.46666666666667","42.3"
"ARG","Argentina","2017","-0.617802615315136","48.563","52.829945242481","13.5201129846159","8.35","41.4"
"ARG","Argentina","2018","-0.539498171264821","48.73","52.8467903707254","13.0583285449954","9.225","41.7"
"ARG","Argentina","2019","-0.441847557521253","49.918","54.2673679112021","12.7063978108968","9.85","43.3"
"ARG","Argentina","2020","-0.439980752044733","46.981","62.8483934912689","11.3930505957877","11.55","42.7"
"ARG","Argentina","2021","-0.532688343782108","49.142","54.6234121271193","12.5492811699342","8.75","42.4"
"ARG","Argentina","2022","-0.682817579622541","51.196","56.6332052805834","13.2768232110189","6.825","40.7"
"BOL","Bolivia","2006","1.1003221009616","96.148","16.1364403410845","2.22142722587103","5.08","56.7"
"BOL","Bolivia","2007","0.51805135933217","84.26","58.3529235253235","2.2834273357151","5.175","54.5"
"BOL","Bolivia","2008","0.115283116122712","85.941","73.4405123074005","2.3832503257823","2.603","50.8"
"BOL","Bolivia","2009","-0.021949232917721","84.162","79.0830860787868","2.42257579390007","2.973","49.2"
"BOL","Bolivia","2011","-0.190814039918177","83.3606666666667","76.4787274664734","2.5685205166368","2.255","46.1"
"BOL","Bolivia","2012","-0.2020138031273","82.126","76.7546404630426","2.65723884915853","2.066","46.6"
"BOL","Bolivia","2014","-0.193596938912183","85.215","78.058197334247","2.90090241586338","2.021","47.8"
"BOL","Bolivia","2015","-0.175059826460964","83.9956666666667","76.4179773038912","2.99601289811344","3.111","46.7"
"BOL","Bolivia","2016","-0.330359732086863","76.249","84.33253487291","3.07757057564766","3.9","45.2"
"BOL","Bolivia","2017","-0.310309867039089","79.117","83.0211919332096","3.16016421228968","4.05","44.6"
"BOL","Bolivia","2018","-0.38481585469555","80.701","83.6148726327525","3.20453670819124","3.825","42.6"
"BOL","Bolivia","2019","-0.379000014456944","81.494","77.9928850382629","3.2073869521223","3.875","41.6"
"BOL","Bolivia","2020","-0.257795758487699","82.744","97.9870790254446","2.7650927177231","8","43.6"
"BOL","Bolivia","2021","-0.819635713392869","48.825","96.9377315104302","3.01155110807557","5.325","40.9"
"BRA","Brazil","2009","0.156677494296443","48.768","45.4601754328202","8.24609612122851","9.419","53.7"
"BRA","Brazil","2011","-0.0385008475003013","44.9626666666667","45.3438802543435","9.06799212019529","7.578","52.9"
"BRA","Brazil","2012","-0.0744119224053135","43.9676666666667","46.3765817076202","9.16749818450433","7.251","53.4"
"BRA","Brazil","2015","-0.148256635854847","43.506","53.8087112251176","8.9361955889444","8.538","51.9"
"BRA","Brazil","2016","0.0205043764850891","36.911","50.7489056580992","8.57784277969667","11.58","53.4"
"BRA","Brazil","2017","0.0893144628021191","38.194","50.4870278191956","8.62825209645723","12.792","53.3"
"BRA","Brazil","2018","0.079190456630705","38.691","50.9340540952991","8.72233529970988","12.329","53.9"
"BRA","Brazil","2019","0.0487832617454128","38.913","50.5335168352442","8.77143950372603","11.936","53.5"
"BRA","Brazil","2020","-0.241078232425503","36.73","69.1461337200939","8.43501046209185","13.697","48.9"
"BRA","Brazil","2021","0.0827148497567949","38.276","52.552075145552","8.79922844579944","13.158","52.9"
"BRA","Brazil","2022","-0.175003811685883","37.634","52.2632836375185","9.03208377657776","9.231","52"
"CHL","Chile","2011","-0.740400612451591","39.869","83.433143962549","12.2528441074615","7.492","46.9"
"CHL","Chile","2013","-0.940433186699407","38.457","88.5411621214762","13.1827329619856","6.361","46.8"
"CHL","Chile","2015","-0.983832137380882","39.007","87.7224742663194","13.4339202987032","6.605","45.3"
"CHL","Chile","2017","-0.896922685455434","52.4833333333333","92.4174312936073","13.4733458532934","7","45.3"
"CHL","Chile","2020","-0.744343538429801","25.83","77.7408859869686","12.679024004022","11.35","47"
"CHL","Chile","2022","-1.12736533741806","27.355","85.5861047492185","14.2831489501524","8.175","43"
"COL","Colombia","2010","0.586248593312942","68.069","52.3033899365011","5.21424547620131","11.153","54.6"
"COL","Colombia","2011","0.4798023254775","67.371","51.5969051118866","5.5171011086899","10.288","53.5"
"COL","Colombia","2012","0.448456223693343","66.953","48.8640961709377","5.67575617978305","9.959","52.6"
"COL","Colombia","2014","0.154581173737872","63.429","65.6766814024977","6.12183982019825","8.799","52.5"
"COL","Colombia","2015","0.359032540599832","63.208","36.2584519384938","6.24851490534512","8.572","51"
"COL","Colombia","2016","0.370167251572716","62.419","34.4457821234765","6.31607067782542","8.9","50.6"
"COL","Colombia","2017","0.355870181466323","62.192","33.6292768474659","6.30967745292518","9.1","49.7"
"COL","Colombia","2018","0.399335329306086","62.421","32.5350069388891","6.3535464285392","9.35","50.4"
"COL","Colombia","2019","0.471953086763006","61.95","31.5359996393931","6.43996359812647","10.2","51.3"
"COL","Colombia","2020","0.859942604290008","63.563","31.8103167837931","5.89195523215403","15.4","53.5"
"COL","Colombia","2021","0.689403661392468","63.242","41.4566773229655","6.45716921807086","13.85","55.1"
"COL","Colombia","2022","0.455815892249536","58.15","40.9822317936625","6.85672590505374","10.875","54.8"
"CRI","Costa Rica","2010","-0.59558889088138","37.852","67.1519756469873","10.2850856660419","7.171","48"
"CRI","Costa Rica","2011","-0.477006044931624","37.072","67.9458180662888","10.6124694861141","9.518","48.8"
"CRI","Costa Rica","2012","-0.499621392953324","39.113","67.3313538988123","11.0015192856576","9.11","48.4"
"CRI","Costa Rica","2014","-0.503314409234149","41.22","66.6317278880434","11.4226735793176","8.499","48.6"
"CRI","Costa Rica","2015","-0.565137468191879","42.052","72.0125786163522","11.7147105980732","8.415","48.4"
"CRI","Costa Rica","2016","-0.544459417440542","40.161","73.2082628743092","12.0844351325634","9.525","48.7"
"CRI","Costa Rica","2017","-0.598931478618113","40.73","74.5477403549112","12.4685654531709","9.075","48.3"
"CRI","Costa Rica","2018","-0.541468894848343","40.919","73.9639081102486","12.6795253643016","10.3","48"
"CRI","Costa Rica","2019","-0.45712096356425","41.847","73.5669364898356","12.877650101079","11.75","48.2"
"CRI","Costa Rica","2020","-0.105535539769793","40.016","82.9141614841962","12.2422098908533","19.625","49.2"
"CRI","Costa Rica","2021","-0.202167626874486","41.315","71.0381852654756","13.1466927918465","16.45","48.7"
"CRI","Costa Rica","2022","-0.466832242917251","39.869","70.8955243960143","13.6861614090822","12.25","47.2"
"DOM","Dominican Republic","2007","0.327171570874482","57.701","15.2381919050009","5.20478500652254","5.158","48.9"
"DOM","Dominican Republic","2008","0.221525308489499","57.991","23.1457347333865","5.30892664966814","4.764","48.1"
"DOM","Dominican Republic","2009","0.167875861934699","55.012","29.7039296437885","5.29464953374426","5.467","48.9"
"DOM","Dominican Republic","2010","0.0620317597006091","53.945","32.7271463815059","5.66645633430206","5.212","47.3"
"DOM","Dominican Republic","2011","0.131959671825743","56.171","31.2759973377435","5.77357403459156","6.087","47.7"
"DOM","Dominican Republic","2012","0.0695441048805651","56.26","35.5482451215506","5.86029893321013","6.722","46.1"
"DOM","Dominican Republic","2013","0.15487481377638","55.9","33.0424295336083","6.07503399972737","7.351","47.7"
"DOM","Dominican Republic","2014","-0.0580903904220165","54.245","34.5342008692954","6.43027811051339","6.719","44.3"
"DOM","Dominican Republic","2015","0.0185093568987135","56.274","31.045640432523","6.80095309395474","7.605","45.2"
"DOM","Dominican Republic","2016","-0.250893785586755","56.327","59.1389231570565","7.17775376475488","7.575","45.7"
"DOM","Dominican Republic","2017","-0.385642099462434","57.168","52.2570507717747","7.37939978067137","6.025","42.2"
"DOM","Dominican Republic","2018","-0.380541634519446","56.79","53.238109637578","7.81870593240469","6.2","43.7"
"DOM","Dominican Republic","2019","-0.4330077839593","54.284","49.5564321417379","8.11704639185786","6.5","41.9"
"DOM","Dominican Republic","2021","-0.43155963603084","57.314","51.0725337412953","8.34490510312395","7.925","38.5"
"ECU","Ecuador","2008","0.0177793024467197","72.591","63.092704146437","4.93990215021789","3.917","49.8"
"ECU","Ecuador","2010","-0.158635656911656","66.803","70.4163391107322","5.02220374387205","4.088","48.8"
"ECU","Ecuador","2011","-0.113593943254691","63.426","44.9282122316746","5.35945724615639","3.458","45.9"
"ECU","Ecuador","2012","-0.4386551142073","61.239","73.9796403554603","5.57985624282158","3.235","46.1"
"ECU","Ecuador","2014","-0.568479672094499","57.9293333333333","76.3344631961859","6.05504172761485","3.279","45"
"ECU","Ecuador","2015","-0.506565336140924","58.2396666666667","74.9680965031751","5.9761596805651","3.419","46"
"ECU","Ecuador","2016","-0.364398487043281","61.0053333333333","73.802730134091","5.84913587933672","6.275","45"
"ECU","Ecuador","2017","-0.433321970534819","62.5466666666667","74.9561948236622","6.10427253521751","5.225","44.7"
"ECU","Ecuador","2018","-0.0336647152412076","62.6453333333333","32.0697228586638","6.0630956178776","4.8","45.4"
"ECU","Ecuador","2019","0.0002526759669474","63.4926666666667","33.6200600489087","5.97138938386723","5.125","45.7"
"ECU","Ecuador","2020","0.11621736308613","68.926","46.197561467271","5.35568934196443","6.6","47.3"
"ECU","Ecuador","2021","-0.0360594252824496","68.6346666666667","44.6577104699495","5.81509477390949","4.775","45.8"
"ECU","Ecuador","2022","-0.0771116933476593","68.695","41.0937851460738","6.10749495006543","4","45.5"
"GTM","Guatemala","2006","0.298858898507601","80.127","50.5890503043425","3.38815003339926","1.902","54.5"
"GTM","Guatemala","2014","0.0333261401757856","78.064","63.268311868666","3.80961587570091","2.717","48.3"
"HND","Honduras","2008","0.579237574625021","79.708","51.4820842560231","2.17514709403064","3.156","55.5"
"HND","Honduras","2009","0.454387423042756","78.92","50.4813151765424","2.07630859895638","3.292","51.3"
"HND","Honduras","2010","0.551623598775661","80.478","53.2419670487817","2.10847314459603","4.119","53.1"
"HND","Honduras","2011","0.594059712453362","82.205","50.9028544694577","2.14456265540491","4.474","52.6"
"HND","Honduras","2013","0.550358003274408","82.7173333333333","55.7937548640583","2.20540126728067","5.646","50"
"HND","Honduras","2015","0.608486310699541","80.8493333333333","45.8931175503408","2.27120265980349","6.147","49.2"
"HND","Honduras","2016","0.710188231078486","79.825","35.9202399284335","2.31572983058198","6.727","49.8"
"HND","Honduras","2017","0.602629547059609","82.612","43.5363244838092","2.38337398439714","5.528","49.4"
"HTI","Haiti","2012","1.42500380922405","91.607","19.4621402380095","1.35488546124499","14.1","41.1"
"MEX","Mexico","2008","0.142309586960797","58.791","24.7955725869768","9.8263421836048","3.874","50.8"
"MEX","Mexico","2010","0.0044424133108051","60.523","40.4482529686928","9.38906722084275","5.303","47.7"
"MEX","Mexico","2012","-0.0425570451621268","60.3386666666667","46.5673447035278","9.78251776305354","4.892","49.6"
"MEX","Mexico","2014","-0.015139316537867","58.699","41.1350368293745","9.86248125444199","4.819","48.9"
"MEX","Mexico","2016","-0.288983213634937","58.0893333333333","51.7065184120154","10.1005021214015","3.925","46.9"
"MEX","Mexico","2018","-0.325194978650008","57.617","46.7667530207002","10.2968690928534","3.325","46"
"MEX","Mexico","2020","-0.296667258864213","56.171","46.6694929740684","9.23464362317923","4.43333333333333","44.6"
"MEX","Mexico","2022","-0.466732905293154","57.4203333333333","48.1574389925059","10.0132479236143","3.325","43.5"
"PAN","Panama","2009","-0.30719813600848","52.363","64.0404594903814","10.2670633132424","5.105","51.8"
"PAN","Panama","2010","-0.328388661141683","49.801","64.0155154789876","10.6980717490512","5.832","51.6"
"PAN","Panama","2011","-0.468153689205258","46.549","60.503495717304","11.7614988389067","3.922","51.3"
"PAN","Panama","2012","-0.507646169778957","46.974","63.4537232885563","12.6682945402358","3.714","51.7"
"PAN","Panama","2013","-0.526878023760485","47.864","64.5207202928619","13.2368306490828","3.732","51.5"
"PAN","Panama","2014","-0.528532040250459","48.017","63.386581090984","13.6115490656071","4.444","50.5"
"PAN","Panama","2015","-0.642733018812611","47.846","73.6788148145736","14.0826548434996","4.402","50.8"
"PAN","Panama","2016","-0.65237314680213","48.518","74.6704460051298","14.474124340577","4.843","50.4"
"PAN","Panama","2017","-0.619509726427151","49.404","72.8353922578703","15.045545619615","5.461","49.9"
"PAN","Panama","2018","-0.676579833049884","51.358","75.9110519310142","15.3756434854475","5.313","49.2"
"PAN","Panama","2019","-0.608799378989542","52.8","76.6102648039169","15.6025420714581","6.409","49.8"
"PAN","Panama","2021","-0.424513946026978","55.673","86.3498973406225","14.5529401400295","10.293","50.9"
"PAN","Panama","2023","-0.591364012257229","56.127","76.7756318442686","16.8771508423953","6.678","48.9"
"PER","Peru","2008","0.179637018114818","78.845","52.4014734604822","4.77852642172313","4.025","47.5"
"PER","Peru","2009","0.0229754675790844","77.058","64.1126200708008","4.80117153740507","3.964","47"
"PER","Peru","2010","-0.118952004082136","76.848","68.363349060479","5.16739259325937","3.595","45.5"
"PER","Peru","2011","-0.175380813445296","75.579","66.1201177166445","5.45345718713631","3.477","44.7"
"PER","Peru","2012","-0.487307209683277","70.695","89.5209964043684","5.74004346272472","3.238","44.4"
"PER","Peru","2013","-0.266117474670578","69.771","63.0238948956005","6.02146142765232","3.575","43.9"
"PER","Peru","2014","-0.347120308380588","68.603","64.8544440009028","6.10391864749969","3.208","43.1"
"PER","Peru","2015","-0.344157799417079","69.219","65.5979610351688","6.23171150338894","3.272","43.4"
"PER","Peru","2016","-0.335535556738221","68.057","64.9473273561264","6.39225474941014","3.741","43.6"
"PER","Peru","2017","-0.350556339762725","68.057","65.9196434010598","6.45741940254721","3.691","43.3"
"PER","Peru","2018","-0.41032042192821","68.451","66.8237251244785","6.59314437459526","3.492","42.4"
"PER","Peru","2019","-0.453657372864689","68.362","66.6088946427753","6.62626083494969","3.379","41.5"
"PER","Peru","2020","-0.181097717496799","70.141","79.8362844850821","5.83183024758521","7.179","43.7"
"PER","Peru","2021","-0.58098037679683","68.396","90.053372415314","6.54784718181776","5.097","40.1"
"PER","Peru","2022","-0.519299908218733","74.7006666666667","83.3603268323727","6.66751695632036","4.003","40.3"
"PRY","Paraguay","2008","0.304238060561201","77.688","43.7243682525137","4.78866318778074","4.415","50.7"
"PRY","Paraguay","2009","0.279084804827957","77.561","45.3742389972391","4.72759685811389","5.46","49.1"
"PRY","Paraguay","2010","0.16750057168487","76.749","54.217514435293","5.19105014254362","4.569","51"
"PRY","Paraguay","2011","0.180009889631147","73.898","52.2701903162328","5.34219015717538","4.67","52.3"
"PRY","Paraguay","2012","-0.129356036634361","74.242","65.2014580794261","5.23026244858989","4.085","47.6"
"PRY","Paraguay","2013","-0.162751378332336","71.48","63.1772579160623","5.58312274473566","4.385","47.9"
"PRY","Paraguay","2014","-0.0676745466710076","70.128","62.2330142480802","5.79447644689985","5.034","50.7"
"PRY","Paraguay","2015","-0.224802350264821","70.695","66.8305355793675","5.87933792308762","4.556","47.6"
"PRY","Paraguay","2016","-0.156265046467961","72.165","66.6595232671258","6.04195879367349","5.255","47.9"
"PRY","Paraguay","2017","-0.193886376251648","69.996","68.0194964215123","6.2431336313903","5.4","48.5"
"PRY","Paraguay","2018","-0.2807076272016","70.295","68.3552302604522","6.3542392005316","5.425","46"
"PRY","Paraguay","2019","-0.293313989769616","68.919","69.087776834186","6.24353620897823","5.75","45.7"
"PRY","Paraguay","2020","-0.356066823140994","69.7595","79.6602026125603","6.10919608100826","7.1","43.5"
"PRY","Paraguay","2021","-0.217362428737708","69.299","58.988212869039","6.27811006663809","6.75","42.9"
"PRY","Paraguay","2022","-0.180941868005282","67.948","54.4405071383784","6.21819790694162","6.025","44.6"
"SLV","El Salvador","2014","-0.0924458969463797","69.3373333333333","58.0928985930572","3.71394992016222","4.154","41.6"
"SLV","El Salvador","2015","-0.439797945796836","69.047","89.1110596332799","3.79034089108162","3.998","40.6"
"SLV","El Salvador","2016","-0.444303965797288","69.4353333333333","89.4105008563483","3.87584691357954","4.625","40"
"SLV","El Salvador","2017","-0.475069050707232","70.1553333333333","84.5888709798039","3.95484014277572","4.6","38"
"SLV","El Salvador","2018","-0.506059767017613","68.484","82.7902896913857","4.04616291720583","4.2","38.6"
"SLV","El Salvador","2019","-0.546552749894894","69.1253333333333","85.4959658784349","4.14311437097867","4.425","38.8"
"SLV","El Salvador","2021","-0.570546698974556","68.9826666666667","87.0546094845645","4.24754750394978","4.425","39"
"SLV","El Salvador","2022","-0.67962122521525","67.4483333333333","88.7522565068878","4.35596083888359","3.1","38.8"
"URY","Uruguay","2008","-0.715450853483795","42.772","71.8736640799481","13.16583628166","8.025","45.1"
"URY","Uruguay","2009","-0.785335859481682","42.364","77.0370620479214","13.69171420689","7.74","45.5"
"URY","Uruguay","2010","-0.906250898122139","40.897","79.7385283190211","14.7223780081191","7.158","44.5"
"URY","Uruguay","2011","-1.06175273626823","38.347","78.4566568570096","15.4439961926395","6.307","42.2"
"URY","Uruguay","2012","-1.16680780037652","36.199","79.9051558701343","15.9493176985435","6.451","39.9"
"URY","Uruguay","2015","-1.24423598459324","23.879","77.8749552084301","17.1259016800298","7.488","40.1"
"URY","Uruguay","2016","-1.23627839640169","24.5386666666667","77.6231018052526","17.3572349992841","7.825","39.7"
"URY","Uruguay","2017","-1.24417094916657","24.1006666666667","76.7847457015524","17.6116036701032","7.95","39.5"
"URY","Uruguay","2018","-1.21356223553813","23.9443333333333","76.2696687036899","17.6089441195037","8.35","39.7"
"URY","Uruguay","2019","-1.19161996828033","24.138","76.8994304346231","17.7584384372986","8.925","39.7"
"URY","Uruguay","2020","-1.06570667812834","21.605","72.6451612903226","16.4433635000843","10.35","40.2"
"URY","Uruguay","2021","-1.11014394943875","21.4336666666667","72.4241283475861","17.4160052208869","9.325","40.8"
"URY","Uruguay","2022","-1.16291794796312","22.134","71.660064179719","18.2283558443761","8.275","40.6"
