"year","monetary_poverty","labor_informality","social_protection_coverage","structural_vulnerability_index"
"2000","39.812","75.103","","0.180"
"2001","43.621","79.874","","0.177"
"2002","40.705","82.937","32.650","0.294"
"2003","41.094","75.704","","0.260"
"2004","42.826","78.714","","0.065"
"2005","43.661","76.691","61.510","0.056"
"2006","38.694","70.064","43.034","-0.017"
"2007","31.241","64.518","36.420","-0.167"
"2008","33.082","65.756","52.804","-0.218"
"2009","35.876","63.825","57.820","-0.073"
"2010","28.841","60.333","56.977","-0.256"
"2011","29.147","59.921","58.217","-0.240"
"2012","31.383","62.649","60.259","-0.245"
"2013","26.788","58.606","59.209","-0.241"
"2014","30.982","57.958","60.542","-0.242"
"2015","24.294","58.241","65.478","-0.348"
"2016","24.028","57.446","63.492","-0.326"
"2017","23.571","58.426","65.240","-0.400"
"2018","22.595","55.853","59.484","-0.354"
"2019","21.865","53.653","59.843","-0.312"
"2020","19.482","54.564","67.951","-0.293"
"2021","20.156","54.535","67.267","-0.330"
"2022","18.561","56.566","63.075","-0.477"
"2023","23.582","56.838","76.776","-0.444"
