"variable","monetary_poverty","extreme_poverty","labor_informality","social_protection_coverage","gdp_per_capita","female_labor_participation","male_labor_participation","unemployment","gini","social_expenditure","structural_vulnerability_index"
"monetary_poverty","1.000","0.793","0.540","-0.444","-0.413","-0.092","0.515","0.021","0.574","-0.145","0.791"
"extreme_poverty","0.793","1.000","0.544","-0.426","-0.429","-0.102","0.340","0.010","0.601","-0.046","0.735"
"labor_informality","0.540","0.544","1.000","-0.136","-0.844","0.277","0.767","-0.510","0.264","-0.452","0.663"
"social_protection_coverage","-0.444","-0.426","-0.136","1.000","0.244","0.115","-0.081","-0.141","-0.353","-0.294","-0.698"
"gdp_per_capita","-0.413","-0.429","-0.844","0.244","1.000","-0.277","-0.769","0.266","-0.347","0.138","-0.621"
"female_labor_participation","-0.092","-0.102","0.277","0.115","-0.277","1.000","0.566","-0.114","0.014","-0.437","0.132"
"male_labor_participation","0.515","0.340","0.767","-0.081","-0.769","0.566","1.000","-0.481","0.056","-0.301","0.463"
"unemployment","0.021","0.010","-0.510","-0.141","0.266","-0.114","-0.481","1.000","0.214","0.366","0.392"
"gini","0.574","0.601","0.264","-0.353","-0.347","0.014","0.056","0.214","1.000","0.261","0.749"
"social_expenditure","-0.145","-0.046","-0.452","-0.294","0.138","-0.437","-0.301","0.366","0.261","1.000","-0.026"
"structural_vulnerability_index","0.791","0.735","0.663","-0.698","-0.621","0.132","0.463","0.392","0.749","-0.026","1.000"
