"iso3","country_name","observations","first_year","last_year","monetary_poverty_nonmissing","extreme_poverty_nonmissing","labor_informality_nonmissing","social_protection_coverage_nonmissing","gdp_per_capita_nonmissing","female_labor_participation_nonmissing","male_labor_participation_nonmissing","unemployment_nonmissing","gini_nonmissing","social_expenditure_nonmissing","structural_vulnerability_index_nonmissing"
"ARG","Argentina","24","2000","2023","24","24","21","13","24","8","8","23","23","0","24"
"BHS","Bahamas","24","2000","2023","0","0","1","0","24","0","0","19","0","0","24"
"BLZ","Belize","24","2000","2023","1","1","0","1","24","0","0","14","1","0","24"
"BOL","Bolivia","24","2000","2023","24","24","22","14","24","8","8","22","22","18","24"
"BRA","Brazil","24","2000","2023","24","24","14","12","24","0","0","22","22","21","24"
"BRB","Barbados","24","2000","2023","1","1","1","0","24","0","0","16","1","0","24"
"CHL","Chile","24","2000","2023","24","24","14","8","24","8","8","18","15","0","24"
"COL","Colombia","24","2000","2023","24","24","18","12","24","8","8","23","22","11","24"
"CRI","Costa Rica","24","2000","2023","24","24","14","14","24","8","8","23","24","19","24"
"CUB","Cuba","24","2000","2023","0","0","0","0","24","0","0","19","0","20","24"
"DOM","Dominican Republic","24","2000","2023","24","24","24","14","24","8","8","24","24","0","24"
"ECU","Ecuador","24","2000","2023","24","24","22","13","24","8","8","24","22","0","24"
"GTM","Guatemala","24","2000","2023","24","24","17","3","24","0","0","18","4","0","24"
"GUY","Guyana","24","2000","2023","0","0","5","0","24","0","0","6","0","0","24"
"HND","Honduras","24","2000","2023","24","24","12","10","24","0","0","23","20","0","24"
"HTI","Haiti","24","2000","2023","2","2","1","1","24","0","0","3","2","0","24"
"JAM","Jamaica","24","2000","2023","4","4","8","3","24","0","0","23","4","0","24"
"MEX","Mexico","24","2000","2023","24","24","21","8","24","8","8","23","17","0","24"
"NIC","Nicaragua","24","2000","2023","24","24","1","3","24","0","0","17","4","0","24"
"PAN","Panama","24","2000","2023","24","24","18","14","24","0","0","23","22","18","24"
"PER","Peru","24","2000","2023","24","24","22","15","24","0","0","24","24","21","24"
"PRY","Paraguay","24","2000","2023","24","24","16","16","24","7","7","24","23","18","24"
"SLV","El Salvador","24","2000","2023","24","24","10","14","24","8","8","24","24","0","24"
"SUR","Suriname","24","2000","2023","1","1","1","0","24","0","0","9","1","0","24"
"TTO","Trinidad and Tobago","24","2000","2023","0","0","0","0","24","0","0","19","0","0","24"
"URY","Uruguay","24","2000","2023","24","24","18","13","24","8","8","24","24","0","24"
"VEN","Venezuela","24","2000","2023","6","6","1","1","24","0","0","14","6","0","24"
