"variable","outlier_rule","lower_bound","upper_bound","outlier_count","outlier_pct","min_outlier","max_outlier"
"monetary_poverty","1.5*IQR","-29.950","92.050","1","0.24","93.600","93.600"
"extreme_poverty","1.5*IQR","-12.875","27.325","12","2.84","27.400","75.100"
"labor_informality","1.5*IQR","10.928","112.199","0","0.00","",""
"social_protection_coverage","1.5*IQR","4.452","116.378","0","0.00","",""
"gdp_per_capita","1.5*IQR","-5,453.394","19,749.258","49","7.56","19,887.233","33,549.336"
"female_labor_participation","1.5*IQR","34.292","69.125","3","3.45","71.425","72.775"
"male_labor_participation","1.5*IQR","62.319","87.569","0","0.00","",""
"unemployment","1.5*IQR","-3.060","16.596","10","1.92","16.648","25.438"
"gini","1.5*IQR","33.500","63.100","0","0.00","",""
"social_expenditure","1.5*IQR","-2.594","14.328","6","4.11","14.359","20.879"
"structural_vulnerability_index","1.5*IQR","-1.721","1.406","41","6.33","-2.299","3.316"
