"variable","type","description","units","nonmissing","missing","missing_pct","first_year","last_year","countries_with_data"
"iso3","identifier/text","country identifier","identifier","648","0","0.00","2000","2023","27"
"country_name","identifier/text","country name","text","648","0","0.00","2000","2023","27"
"region_lac","categorical/text","regional classification","categorical","648","0","0.00","2000","2023","27"
"year","numeric","calendar year","integer","648","0","0.00","2000","2023","27"
"monetary_poverty","numeric","monetary poverty","percentage/rate","423","225","34.72","2000","2023","23"
"extreme_poverty","numeric","extreme poverty","percentage/rate","423","225","34.72","2000","2023","23"
"labor_informality","numeric","labor informality","percentage/rate","302","346","53.40","2000","2023","24"
"social_protection_coverage","numeric","social protection coverage","percentage/rate","202","446","68.83","2002","2023","21"
"gdp_per_capita","numeric","GDP per capita","monetary level","648","0","0.00","2000","2023","27"
"female_labor_participation","numeric","female labor force participation","percentage/rate","87","561","86.57","2016","2023","11"
"male_labor_participation","numeric","male labor force participation","percentage/rate","87","561","86.57","2016","2023","11"
"unemployment","numeric","unemployment","percentage/rate","521","127","19.60","2000","2023","27"
"gini","numeric","income inequality","index","351","297","45.83","2000","2023","23"
"social_expenditure","numeric","social expenditure","numeric indicator","146","502","77.47","2000","2020","8"
"structural_vulnerability_index","numeric","structural vulnerability index","index","648","0","0.00","2000","2023","27"
