"variable","n","mean","sd","min","p25","median","p75","max","cv_abs"
"year","648","2,011.500","6.928","2,000.000","2,005.750","2,011.500","2,017.250","2,023.000","0.003"
"monetary_poverty","423","30.797","19.805","0.500","15.800","29.700","46.300","93.600","0.643"
"extreme_poverty","423","8.508","8.427","0.100","2.200","6.100","12.250","75.100","0.990"
"labor_informality","302","60.730","16.917","18.325","48.904","60.322","74.222","98.413","0.279"
"social_protection_coverage","202","60.121","18.220","14.523","46.424","63.058","74.406","97.987","0.303"
"gdp_per_capita","648","8,385.307","6,711.018","1,219.119","3,997.600","6,181.389","10,298.263","33,549.336","0.800"
"female_labor_participation","87","51.986","6.465","42.275","47.354","50.825","56.063","72.775","0.124"
"male_labor_participation","87","75.775","4.398","66.375","71.788","76.275","78.100","85.025","0.058"
"unemployment","521","7.138","3.632","1.583","4.311","6.600","9.225","25.438","0.509"
"gini","351","48.124","5.239","34.100","44.600","48.300","52.000","61.600","0.109"
"social_expenditure","146","6.282","3.694","0.852","3.751","5.550","7.982","20.879","0.588"
"structural_vulnerability_index","648","-0.164","0.708","-2.299","-0.549","-0.234","0.233","3.316","4.304"
