"indicator","rank","iso3","country_name","year","value"
"structural_vulnerability_index","1","HTI","Haiti","2023","1.611"
"structural_vulnerability_index","2","VEN","Venezuela","2023","1.420"
"structural_vulnerability_index","3","HND","Honduras","2023","0.223"
"structural_vulnerability_index","4","COL","Colombia","2023","0.219"
"structural_vulnerability_index","5","GTM","Guatemala","2023","-0.008"
"structural_vulnerability_index","6","BOL","Bolivia","2023","-0.258"
"structural_vulnerability_index","7","PER","Peru","2023","-0.285"
"structural_vulnerability_index","8","BLZ","Belize","2023","-0.321"
"structural_vulnerability_index","9","NIC","Nicaragua","2023","-0.340"
"structural_vulnerability_index","10","ECU","Ecuador","2023","-0.370"
"structural_vulnerability_index","11","PRY","Paraguay","2023","-0.384"
"structural_vulnerability_index","12","BRA","Brazil","2023","-0.414"
"structural_vulnerability_index","13","SUR","Suriname","2023","-0.503"
"structural_vulnerability_index","14","SLV","El Salvador","2023","-0.514"
"structural_vulnerability_index","15","CUB","Cuba","2023","-0.544"
"structural_vulnerability_index","16","PAN","Panama","2023","-0.591"
"structural_vulnerability_index","17","JAM","Jamaica","2023","-0.597"
"structural_vulnerability_index","18","BHS","Bahamas","2023","-0.703"
"structural_vulnerability_index","19","CRI","Costa Rica","2023","-0.706"
"structural_vulnerability_index","20","ARG","Argentina","2023","-0.819"
"structural_vulnerability_index","21","DOM","Dominican Republic","2023","-0.834"
"structural_vulnerability_index","22","BRB","Barbados","2023","-0.966"
"structural_vulnerability_index","23","MEX","Mexico","2023","-1.020"
"structural_vulnerability_index","24","CHL","Chile","2023","-1.066"
"structural_vulnerability_index","25","URY","Uruguay","2023","-1.077"
"structural_vulnerability_index","26","TTO","Trinidad and Tobago","2023","-1.242"
"structural_vulnerability_index","27","GUY","Guyana","2023","-1.895"
"monetary_poverty","1","HND","Honduras","2023","53.300"
"monetary_poverty","2","GTM","Guatemala","2023","47.300"
"monetary_poverty","3","COL","Colombia","2023","39.100"
"monetary_poverty","4","PER","Peru","2023","38.300"
"monetary_poverty","5","ECU","Ecuador","2023","30.800"
"monetary_poverty","6","SLV","El Salvador","2023","29.900"
"monetary_poverty","7","BRA","Brazil","2023","23.300"
"monetary_poverty","8","PRY","Paraguay","2023","22.800"
"monetary_poverty","9","MEX","Mexico","2023","22.200"
"monetary_poverty","10","PAN","Panama","2023","19.800"
"monetary_poverty","11","DOM","Dominican Republic","2023","16.900"
"monetary_poverty","12","BOL","Bolivia","2023","16.500"
"monetary_poverty","13","ARG","Argentina","2023","16.400"
"monetary_poverty","14","CRI","Costa Rica","2023","15.300"
"monetary_poverty","15","URY","Uruguay","2023","6.600"
"monetary_poverty","16","NIC","Nicaragua","2023","1.700"
"monetary_poverty","17","CHL","Chile","2023","0.700"
"labor_informality","1","BOL","Bolivia","2023","83.882"
"labor_informality","2","GTM","Guatemala","2023","83.188"
"labor_informality","3","PER","Peru","2023","77.169"
"labor_informality","4","ECU","Ecuador","2023","68.151"
"labor_informality","5","PRY","Paraguay","2023","66.861"
"labor_informality","6","SLV","El Salvador","2023","66.484"
"labor_informality","7","MEX","Mexico","2023","57.039"
"labor_informality","8","COL","Colombia","2023","56.506"
"labor_informality","9","PAN","Panama","2023","56.127"
"labor_informality","10","DOM","Dominican Republic","2023","55.676"
"labor_informality","11","JAM","Jamaica","2023","54.640"
"labor_informality","12","ARG","Argentina","2023","50.445"
"labor_informality","13","CRI","Costa Rica","2023","37.102"
"labor_informality","14","BRA","Brazil","2023","37.035"
"labor_informality","15","URY","Uruguay","2023","31.757"
"labor_informality","16","CHL","Chile","2023","27.355"
"social_protection_coverage","1","PAN","Panama","2023","76.776"
