gestion,codigo_ue,nombre_ue,codigo_departamento,departamento,codigo_provincia,provincia,codigo_municipio,municipio,codigo_distrito,distrito_educativo,area_codigo,area,dependencia_codigo,dependencia,nivel_codigo,niveles_ofertados,matricula_total,codigo_local_educativo,turno_codigo,celda_origen,mixta_primaria_secundaria,nivel_evaluacion,prob_asignacion_nivel,estrato,tamano_estrato,cuota_principal,cuota_reserva,orden_aleatorio,lista,prioridad_suplencia,prob_seleccion_condicional,prob_inclusion_nivel,peso_diseno_nivel,tratamiento_control,vigencia,ue_mismo_local_en_marco,ue_mismo_local_en_listas,alerta_local
2024,80480265,MOQTULO,1,CHUQUISACA,101,OROPEZA,10101,CAPITAL (SUCRE),1001,SUCRE,R,Rural,1,Fiscal,3,Inicial; Primaria,35,80480210,4,1|R|1,No,Primaria,1.0,Primaria|1|R|1,885,4,1,1,Principal,,0.004519774011299435,0.004519774011299435,221.25,Pendiente,Pendiente de verificación,1,1,Sin coincidencia de código en marco
2024,80450001,NICOLAS ABUAWAD,1,CHUQUISACA,104,TOMINA,10401,PADILLA,1010,PADILLA,R,Rural,1,Fiscal,2,Primaria,4,80450001,4,1|R|1,No,Primaria,1.0,Primaria|1|R|1,885,4,1,2,Principal,,0.004519774011299435,0.004519774011299435,221.25,Pendiente,Pendiente de verificación,1,1,Sin coincidencia de código en marco
2024,70440002,ANGUAGUAZU,1,CHUQUISACA,105,HERNANDO SILES,10502,SAN PABLO DE HUACARETA,1016,HUACARETA (C. SAN PABLO DE HUACARETA),R,Rural,1,Fiscal,3,Inicial; Primaria,54,70440002,1,1|R|1,No,Primaria,1.0,Primaria|1|R|1,885,4,1,3,Principal,,0.004519774011299435,0.004519774011299435,221.25,Pendiente,Pendiente de verificación,1,1,Sin coincidencia de código en marco
2024,80410002,JUANA AZURDUY DE PADILLA,1,CHUQUISACA,108,BELISARIO BOETO,10801,VILLA SERRANO,1022,VILLA SERRANO,R,Rural,1,Fiscal,3,Inicial; Primaria,16,80410043,4,1|R|1,No,Primaria,1.0,Primaria|1|R|1,885,4,1,4,Principal,,0.004519774011299435,0.004519774011299435,221.25,Pendiente,Pendiente de verificación,1,1,Sin coincidencia de código en marco
2024,80480216,COOPERATIVA DE EDUCACION JUAN PABLO II,1,CHUQUISACA,101,OROPEZA,10101,CAPITAL (SUCRE),1001,SUCRE,U,Urbana,0,Privada,6,Primaria; Secundaria,301,80480171,1,1|U|0,Sí,Primaria,0.48,Primaria|1|U|0,13,1,0,1,Principal,,0.07692307692307693,0.03692307692307692,27.083333333333336,Pendiente,Pendiente de verificación,1,1,Sin coincidencia de código en marco
2024,80480361,DOMINGO SAVIO B,1,CHUQUISACA,101,OROPEZA,10101,CAPITAL (SUCRE),1001,SUCRE,U,Urbana,1,Fiscal,3,Inicial; Primaria,842,80480117,2,1|U|1,No,Primaria,1.0,Primaria|1|U|1,66,1,0,1,Principal,,0.015151515151515152,0.015151515151515152,66.0,Pendiente,Pendiente de verificación,2,1,Revisar local compartido
2024,40640001,GERARDO SARMIENTO ULLOA,2,LA PAZ,210,INQUISIVI,21005,ICHOCA,2039,ICHOCA,R,Rural,0,Privada,2,Primaria,5,40640001,1,2|R|0,No,Primaria,1.0,Primaria|2|R|0,3,1,0,1,Principal,,0.3333333333333333,0.3333333333333333,3.0,Pendiente,Pendiente de verificación,1,1,Sin coincidencia de código en marco
2024,50710018,VILLA ASUNCION,2,LA PAZ,203,PACAJES,20304,COMANCHE,2011,COMANCHE,R,Rural,1,Fiscal,3,Inicial; Primaria,7,50710018,4,2|R|1,No,Primaria,1.0,Primaria|2|R|1,2620,6,2,1,Principal,,0.0022900763358778627,0.0022900763358778627,436.66666666666663,Pendiente,Pendiente de verificación,1,1,Sin coincidencia de código en marco
2024,80580054,PARAISO ECOLOGICO CULTURAL,2,LA PAZ,216,BAUTISTA SAAVEDRA,21601,GRAL. J.J. PEREZ (CHARAZANI),2059,GRAL. JUAN J. PEREZ (CHARAZANI) / CURVA,R,Rural,1,Fiscal,2,Primaria,9,80580054,4,2|R|1,No,Primaria,1.0,Primaria|2|R|1,2620,6,2,2,Principal,,0.0022900763358778627,0.0022900763358778627,436.66666666666663,Pendiente,Pendiente de verificación,1,1,Sin coincidencia de código en marco
2024,70730049,CHALLASIRCA,2,LA PAZ,201,MURILLO,20102,PALCA,2002,PALCA,R,Rural,1,Fiscal,7,Inicial; Primaria; Secundaria,141,70730049,4,2|R|1,Sí,Primaria,0.4991869918699187,Primaria|2|R|1,2620,6,2,3,Principal,,0.0022900763358778627,0.0011431763172593558,874.7557003257328,Pendiente,Pendiente de verificación,1,1,Sin coincidencia de código en marco
2024,60660026,CHAMBI GRANDE,2,LA PAZ,208,INGAVI,20803,TIAHUANACU,2029,TIAWANACU,R,Rural,1,Fiscal,3,Inicial; Primaria,19,60660023,4,2|R|1,No,Primaria,1.0,Primaria|2|R|1,2620,6,2,4,Principal,,0.0022900763358778627,0.0022900763358778627,436.66666666666663,Pendiente,Pendiente de verificación,1,1,Sin coincidencia de código en marco
2024,80560027,HUISCO KARI,2,LA PAZ,218,GUALBERTO VILLARROEL,21801,SAN PEDRO DE CURAHUARA,2062,SAN PEDRO DE CURAHUARA/ CHACARILLA,R,Rural,1,Fiscal,7,Inicial; Primaria; Secundaria,95,80560024,4,2|R|1,Sí,Primaria,0.4991869918699187,Primaria|2|R|1,2620,6,2,5,Principal,,0.0022900763358778627,0.0011431763172593558,874.7557003257328,Pendiente,Pendiente de verificación,1,1,Sin coincidencia de código en marco
2024,40650033,SACANI CASTILLOMA,2,LA PAZ,209,LOAYZA,20905,CAIROMA,2034,CAIROMA,R,Rural,1,Fiscal,7,Inicial; Primaria; Secundaria,76,40650033,1,2|R|1,Sí,Primaria,0.4991869918699187,Primaria|2|R|1,2620,6,2,6,Principal,,0.0022900763358778627,0.0011431763172593558,874.7557003257328,Pendiente,Pendiente de verificación,1,1,Sin coincidencia de código en marco
2024,80730894,INICIANDO AVENTURAS,2,LA PAZ,201,MURILLO,20101,CAPITAL (LA PAZ),2081,LA PAZ 1,U,Urbana,0,Privada,3,Inicial; Primaria,86,80730628,1,2|U|0,No,Primaria,1.0,Primaria|2|U|0,78,1,0,1,Principal,,0.01282051282051282,0.01282051282051282,78.0,Pendiente,Pendiente de verificación,1,1,Sin coincidencia de código en marco
2024,40730568,NUEVA MIRAFLORES,2,LA PAZ,201,MURILLO,20105,EL ALTO,2084,EL ALTO 1,U,Urbana,1,Fiscal,7,Inicial; Primaria; Secundaria,695,40730431,1,2|U|1,Sí,Primaria,0.4980392156862745,Primaria|2|U|1,483,2,0,1,Principal,,0.004140786749482402,0.0020622741850363333,484.90157480314963,Pendiente,Pendiente de verificación,1,1,Sin coincidencia de código en marco
2024,80730602,AMERICANO NESTOR PEÑARANDA 1,2,LA PAZ,201,MURILLO,20101,CAPITAL (LA PAZ),2082,LA PAZ 2,U,Urbana,1,Fiscal,3,Inicial; Primaria,460,80730360,2,2|U|1,No,Primaria,1.0,Primaria|2|U|1,483,2,0,2,Principal,,0.004140786749482402,0.004140786749482402,241.49999999999997,Pendiente,Pendiente de verificación,2,1,Revisar local compartido
2024,60900060,KUSIKUNA,3,COCHABAMBA,309,QUILLACOLLO,30903,TIQUIPAYA,3022,TIQUIPAYA,R,Rural,0,Privada,2,Primaria,51,60900056,1,3|R|0,No,Primaria,1.0,Primaria|3|R|0,3,1,0,1,Principal,,0.3333333333333333,0.3333333333333333,3.0,Pendiente,Pendiente de verificación,1,1,Sin coincidencia de código en marco
2024,60890082,URCUPIÑA,3,COCHABAMBA,310,CHAPARE,31003,VILLA TUNARI,3027,VILLA TUNARI,R,Rural,1,Fiscal,7,Inicial; Primaria; Secundaria,372,60890083,1,3|R|1,Sí,Primaria,0.4986737400530504,Primaria|3|R|1,1327,4,2,1,Principal,,0.003014318010550113,0.001503161236030295,665.2646276595746,Pendiente,Pendiente de verificación,1,1,Sin coincidencia de código en marco
2024,80920019,PALOMA PAMPA,3,COCHABAMBA,307,CAPINOTA,30701,CAPINOTA,3015,CAPINOTA/ SICAYA,R,Rural,1,Fiscal,2,Primaria,9,80920020,1,3|R|1,No,Primaria,1.0,Primaria|3|R|1,1327,4,2,2,Principal,,0.003014318010550113,0.003014318010550113,331.75,Pendiente,Pendiente de verificación,1,1,Sin coincidencia de código en marco
2024,80900051,MOLLE MOLLE,3,COCHABAMBA,309,QUILLACOLLO,30901,QUILLACOLLO,3020,QUILLACOLLO,R,Rural,1,Fiscal,3,Inicial; Primaria,264,80900029,1,3|R|1,No,Primaria,1.0,Primaria|3|R|1,1327,4,2,3,Principal,,0.003014318010550113,0.003014318010550113,331.75,Pendiente,Pendiente de verificación,1,1,Sin coincidencia de código en marco
2024,60890203,FRANZ TAMAYO,3,COCHABAMBA,310,CHAPARE,31003,VILLA TUNARI,3027,VILLA TUNARI,R,Rural,1,Fiscal,3,Inicial; Primaria,16,60890193,1,3|R|1,No,Primaria,1.0,Primaria|3|R|1,1327,4,2,4,Principal,,0.003014318010550113,0.003014318010550113,331.75,Pendiente,Pendiente de verificación,1,1,Sin coincidencia de código en marco
2024,80980325,GERONIMO DE OSORIO,3,COCHABAMBA,301,CERCADO,30101,CAPITAL (COCHABAMBA),3062,COCHABAMBA 2,U,Urbana,0,Privada,7,Inicial; Primaria; Secundaria,402,80980194,1,3|U|0,Sí,Primaria,0.5,Primaria|3|U|0,70,1,0,1,Principal,,0.014285714285714285,0.007142857142857143,140.0,Pendiente,Pendiente de verificación,1,1,Sin coincidencia de código en marco
2024,60850019,JOSE BRAULIO PEREIRA,3,COCHABAMBA,314,PUNATA,31403,SAN BENITO,3038,SAN BENITO (C. VILLA JOSE QUINTIN MENDOZA),U,Urbana,1,Fiscal,2,Primaria,148,60850019,1,3|U|1,No,Primaria,1.0,Primaria|3|U|1,321,2,0,1,Principal,,0.006230529595015576,0.006230529595015576,160.5,Pendiente,Pendiente de verificación,3,1,Revisar local compartido
2024,80980092,LA SALLE C,3,COCHABAMBA,301,CERCADO,30101,CAPITAL (COCHABAMBA),3061,COCHABAMBA 1,U,Urbana,1,Fiscal,2,Primaria,442,80980031,2,3|U|1,No,Primaria,1.0,Primaria|3|U|1,321,2,0,2,Principal,,0.006230529595015576,0.006230529595015576,160.5,Pendiente,Pendiente de verificación,4,1,Revisar local compartido
2024,71180016,SIMON BOLIVAR Y PALACIOS,4,ORURO,406,POOPO,40603,ANTEQUERA,4010,PAZÑA/ ANTEQUERA,R,Rural,0,Privada,3,Inicial; Primaria,114,71180016,1,4|R|0,No,Primaria,1.0,Primaria|4|R|0,1,1,0,1,Principal,,1.0,1.0,1.0,Pendiente,Pendiente de verificación,2,2,Revisar local compartido
2024,81110004,CAQUINGORIRI,4,ORURO,413,SAN PEDRO DE TOTORA,41301,TOTORA,4018,TOTORA,R,Rural,1,Fiscal,3,Inicial; Primaria,9,81110004,4,4|R|1,No,Primaria,1.0,Primaria|4|R|1,382,1,1,1,Principal,,0.002617801047120419,0.002617801047120419,382.0,Pendiente,Pendiente de verificación,1,1,Sin coincidencia de código en marco
2024,81230195,ADVENTISTA ELENA GARMON DE WHITE,4,ORURO,401,CERCADO,40101,CAPITAL (ORURO),4001,ORURO,U,Urbana,0,Privada,7,Inicial; Primaria; Secundaria,558,81230146,4,4|U|0,Sí,Primaria,0.5,Primaria|4|U|0,9,1,0,1,Principal,,0.1111111111111111,0.05555555555555555,18.0,Pendiente,Pendiente de verificación,1,1,Sin coincidencia de código en marco
2024,81230140,INGAVI,4,ORURO,401,CERCADO,40101,CAPITAL (ORURO),4001,ORURO,U,Urbana,1,Fiscal,2,Primaria,95,81230101,3,4|U|1,No,Primaria,1.0,Primaria|4|U|1,112,1,0,1,Principal,,0.008928571428571428,0.008928571428571428,112.0,Pendiente,Pendiente de verificación,3,2,Revisar local compartido
2024,81410150,RICARDO CRUZ NRO. 1,5,POTOSI,508,SUR CHICHAS,50801,TUPIZA,5021,TUPIZA,R,Rural,0,Privada,7,Inicial; Primaria; Secundaria,52,81410146,4,5|R|0,Sí,Primaria,0.5,Primaria|5|R|0,2,1,0,1,Principal,,0.5,0.25,4.0,Pendiente,Pendiente de verificación,1,1,Sin coincidencia de código en marco
2024,61480007,THOLA PAMPA,5,POTOSI,501,TOMAS FRIAS,50102,TINGUIPAYA,5002,TINGUIPAYA (C. ING. GABRIEL VERA),R,Rural,1,Fiscal,3,Inicial; Primaria,8,61480007,4,5|R|1,No,Primaria,1.0,Primaria|5|R|1,1591,5,1,1,Principal,,0.0031426775612822125,0.0031426775612822125,318.2,Pendiente,Pendiente de verificación,1,1,Sin coincidencia de código en marco
2024,81340031,TICKA CANCHA,5,POTOSI,515,MODESTO OMISTE,51501,VILLAZON,5033,VILLAZON,R,Rural,1,Fiscal,3,Inicial; Primaria,17,81340031,4,5|R|1,No,Primaria,1.0,Primaria|5|R|1,1591,5,1,2,Principal,,0.0031426775612822125,0.0031426775612822125,318.2,Pendiente,Pendiente de verificación,1,1,Sin coincidencia de código en marco
2024,81440085,KULLURI,5,POTOSI,505,CHARCAS,50501,SAN PEDRO DE BUENA VISTA,5015,SAN PEDRO (C. SAN PEDRO DE BUENA VISTA),R,Rural,1,Fiscal,2,Primaria,18,81440083,4,5|R|1,No,Primaria,1.0,Primaria|5|R|1,1591,5,1,3,Principal,,0.0031426775612822125,0.0031426775612822125,318.2,Pendiente,Pendiente de verificación,1,1,Sin coincidencia de código en marco
2024,71440036,VAQUERIA,5,POTOSI,505,CHARCAS,50502,TORO TORO,5016,TORO TORO,R,Rural,1,Fiscal,3,Inicial; Primaria,9,71440031,4,5|R|1,No,Primaria,1.0,Primaria|5|R|1,1591,5,1,4,Principal,,0.0031426775612822125,0.0031426775612822125,318.2,Pendiente,Pendiente de verificación,1,1,Sin coincidencia de código en marco
2024,61450089,SARIJCHI,5,POTOSI,504,CHAYANTA,50403,POCOATA,5013,POCOATA,R,Rural,1,Fiscal,3,Inicial; Primaria,12,61450089,4,5|R|1,No,Primaria,1.0,Primaria|5|R|1,1591,5,1,5,Principal,,0.0031426775612822125,0.0031426775612822125,318.2,Pendiente,Pendiente de verificación,1,1,Sin coincidencia de código en marco
2024,61470051,JESUS NAZARENO,5,POTOSI,502,RAFAEL BUSTILLO,50203,LLALLAGUA,5007,LLALLAGUA,U,Urbana,0,Privada,3,Inicial; Primaria,43,61470046,1,5|U|0,No,Primaria,1.0,Primaria|5|U|0,9,1,0,1,Principal,,0.1111111111111111,0.1111111111111111,9.0,Pendiente,Pendiente de verificación,1,1,Sin coincidencia de código en marco
2024,81480200,DR. GONZALO CALDERON RIOS,5,POTOSI,501,TOMAS FRIAS,50101,CAPITAL (POTOSI),5001,POTOSI,U,Urbana,1,Fiscal,7,Inicial; Primaria; Secundaria,616,81480117,1,5|U|1,Sí,Primaria,0.5,Primaria|5|U|1,111,1,0,1,Principal,,0.009009009009009009,0.0045045045045045045,222.0,Pendiente,Pendiente de verificación,1,1,Sin coincidencia de código en marco
2024,71720014,CANDADITOS,6,TARIJA,602,ANICETO ARCE,60202,BERMEJO,6003,BERMEJO,R,Rural,1,Fiscal,3,Inicial; Primaria,9,71720008,1,6|R|1,No,Primaria,1.0,Primaria|6|R|1,541,4,1,1,Principal,,0.0073937153419593345,0.0073937153419593345,135.25,Pendiente,Pendiente de verificación,1,1,Sin coincidencia de código en marco
2024,81730101,CHAUPICANCHA,6,TARIJA,605,MENDEZ,60501,SAN LORENZO,6001,TARIJA,R,Rural,1,Fiscal,3,Inicial; Primaria,6,81730049,1,6|R|1,No,Primaria,1.0,Primaria|6|R|1,541,4,1,2,Principal,,0.0073937153419593345,0.0073937153419593345,135.25,Pendiente,Pendiente de verificación,1,1,Sin coincidencia de código en marco
2024,71690027,SAMA,6,TARIJA,605,MENDEZ,60502,EL PUENTE,6010,EL PUENTE,R,Rural,1,Fiscal,3,Inicial; Primaria,28,71690024,1,6|R|1,No,Primaria,1.0,Primaria|6|R|1,541,4,1,3,Principal,,0.0073937153419593345,0.0073937153419593345,135.25,Pendiente,Pendiente de verificación,1,1,Sin coincidencia de código en marco
2024,81680012,CHIQUIACA NORTE,6,TARIJA,606,BURNET O CONNOR,60601,ENTRE RIOS,6011,ENTRE RIOS,R,Rural,1,Fiscal,3,Inicial; Primaria,52,81680012,1,6|R|1,No,Primaria,1.0,Primaria|6|R|1,541,4,1,4,Principal,,0.0073937153419593345,0.0073937153419593345,135.25,Pendiente,Pendiente de verificación,1,1,Sin coincidencia de código en marco
2024,81730258,GARMONT DE AUSTRIA,6,TARIJA,601,CERCADO,60101,CAPITAL (TARIJA),6001,TARIJA,U,Urbana,0,Privada,7,Inicial; Primaria; Secundaria,314,81730229,1,6|U|0,Sí,Primaria,0.5,Primaria|6|U|0,9,1,0,1,Principal,,0.1111111111111111,0.05555555555555555,18.0,Pendiente,Pendiente de verificación,1,1,Sin coincidencia de código en marco
2024,71720005,GUIDO VILLAGOMEZ,6,TARIJA,602,ANICETO ARCE,60202,BERMEJO,6003,BERMEJO,U,Urbana,1,Fiscal,3,Inicial; Primaria,593,71720030,1,6|U|1,No,Primaria,1.0,Primaria|6|U|1,85,1,0,1,Principal,,0.011764705882352941,0.011764705882352941,85.0,Pendiente,Pendiente de verificación,2,1,Revisar local compartido
2024,61950039,VILLA BUSCH,7,SANTA CRUZ,704,ICHILO,70403,YAPACANI,7012,YAPACANI,R,Rural,0,Privada,7,Inicial; Primaria; Secundaria,406,61950036,4,7|R|0,Sí,Primaria,0.4444444444444444,Primaria|7|R|0,12,1,0,1,Principal,,0.08333333333333333,0.037037037037037035,27.0,Pendiente,Pendiente de verificación,1,1,Sin coincidencia de código en marco
2024,81980084,ADOLFO ROMAN HIJO A,7,SANTA CRUZ,701,ANDRES IBAÑEZ,70101,CAPITAL (SANTA CRUZ DE LA SIERRA),7063,SANTA CRUZ 3,R,Rural,1,Fiscal,3,Inicial; Primaria,608,81980341,1,7|R|1,No,Primaria,1.0,Primaria|7|R|1,1271,4,1,1,Principal,,0.003147128245476003,0.003147128245476003,317.75,Pendiente,Pendiente de verificación,1,1,Sin coincidencia de código en marco
2024,81970134,ELIZARDO PEREZ,7,SANTA CRUZ,702,WARNES,70201,WARNES,7006,WARNES,R,Rural,1,Fiscal,3,Inicial; Primaria,429,81970088,2,7|R|1,No,Primaria,1.0,Primaria|7|R|1,1271,4,1,2,Principal,,0.003147128245476003,0.003147128245476003,317.75,Pendiente,Pendiente de verificación,3,1,Revisar local compartido
2024,71980027,ENRIQUE QUINTELA TABORGA,7,SANTA CRUZ,701,ANDRES IBAÑEZ,70102,COTOCA,7002,COTOCA,R,Rural,1,Fiscal,3,Inicial; Primaria,228,71980014,1,7|R|1,No,Primaria,1.0,Primaria|7|R|1,1271,4,1,3,Principal,,0.003147128245476003,0.003147128245476003,317.75,Pendiente,Pendiente de verificación,1,1,Sin coincidencia de código en marco
2024,61880071,SAN MIGUEL DE LOS ANGELES,7,SANTA CRUZ,711,ÑUFLO DE CHAVEZ,71106,CUATRO CANADAS,7069,CUATRO CANADAS,R,Rural,1,Fiscal,3,Inicial; Primaria,62,61880097,1,7|R|1,No,Primaria,1.0,Primaria|7|R|1,1271,4,1,4,Principal,,0.003147128245476003,0.003147128245476003,317.75,Pendiente,Pendiente de verificación,1,1,Sin coincidencia de código en marco
2024,51980053,LAS PALMAS,7,SANTA CRUZ,701,ANDRES IBAÑEZ,70104,LA GUARDIA,7004,LA GUARDIA,U,Urbana,0,Privada,7,Inicial; Primaria; Secundaria,419,51980051,4,7|U|0,Sí,Primaria,0.49710982658959535,Primaria|7|U|0,113,1,0,1,Principal,,0.008849557522123894,0.0043992020052176575,227.31395348837214,Pendiente,Pendiente de verificación,1,1,Sin coincidencia de código en marco
2024,81980671,GUILLERMO WEISE,7,SANTA CRUZ,701,ANDRES IBAÑEZ,70101,CAPITAL (SANTA CRUZ DE LA SIERRA),7062,SANTA CRUZ 2,U,Urbana,1,Fiscal,3,Inicial; Primaria,544,81980302,2,7|U|1,No,Primaria,1.0,Primaria|7|U|1,651,2,1,1,Principal,,0.0030721966205837174,0.0030721966205837174,325.5,Pendiente,Pendiente de verificación,4,1,Revisar local compartido
2024,31920004,JUANA AZURDUY DE PADILLA,7,SANTA CRUZ,707,CORDILLERA,70706,CAMIRI,7023,CAMIRI,U,Urbana,1,Fiscal,2,Primaria,130,31920010,1,7|U|1,No,Primaria,1.0,Primaria|7|U|1,651,2,1,2,Principal,,0.0030721966205837174,0.0030721966205837174,325.5,Pendiente,Pendiente de verificación,2,1,Revisar local compartido
2024,72180065,SAN RAFAEL,8,BENI,806,MARBAN,80602,SAN ANDRES,8011,SAN ANDRES/ LORETO,R,Rural,0,Privada,3,Inicial; Primaria,20,72180070,1,8|R|0,No,Primaria,1.0,Primaria|8|R|0,5,1,0,1,Principal,,0.2,0.2,5.0,Pendiente,Pendiente de verificación,1,1,Sin coincidencia de código en marco
2024,82190109,SANTA ROSA DEL ISIBORO,8,BENI,805,MOXOS,80501,SAN IGNACIO,8010,SAN IGNACIO,R,Rural,1,Fiscal,7,Inicial; Primaria; Secundaria,112,82190108,1,8|R|1,Sí,Primaria,0.4981684981684982,Primaria|8|R|1,459,3,1,1,Principal,,0.006535947712418301,0.003256003256003256,307.125,Pendiente,Pendiente de verificación,1,1,Sin coincidencia de código en marco
2024,82180031,SAN ANTONIO DE LORAS,8,BENI,806,MARBAN,80601,LORETO,8011,SAN ANDRES/ LORETO,R,Rural,1,Fiscal,2,Primaria,12,82180030,1,8|R|1,No,Primaria,1.0,Primaria|8|R|1,459,3,1,2,Principal,,0.006535947712418301,0.006535947712418301,153.0,Pendiente,Pendiente de verificación,1,1,Sin coincidencia de código en marco
2024,72210131,PROF. IGNACIO ZABALA PADILLA,8,BENI,803,GENERAL JOSE BALLIVIAN,80302,SAN BORJA,8006,SAN BORJA,R,Rural,1,Fiscal,2,Primaria,22,72210132,1,8|R|1,No,Primaria,1.0,Primaria|8|R|1,459,3,1,3,Principal,,0.006535947712418301,0.006535947712418301,153.0,Pendiente,Pendiente de verificación,1,1,Sin coincidencia de código en marco
2024,82220170,BETANIA I,8,BENI,802,VACA DIEZ,80201,RIBERALTA,8003,RIBERALTA,U,Urbana,0,Privada,3,Inicial; Primaria,143,82220118,1,8|U|0,No,Primaria,1.0,Primaria|8|U|0,17,1,0,1,Principal,,0.058823529411764705,0.058823529411764705,17.0,Pendiente,Pendiente de verificación,2,1,Revisar local compartido
2024,82220153,SAN JOSE OBRERO I,8,BENI,802,VACA DIEZ,80201,RIBERALTA,8003,RIBERALTA,U,Urbana,1,Fiscal,7,Inicial; Primaria; Secundaria,590,82220183,1,8|U|1,Sí,Primaria,0.49612403100775193,Primaria|8|U|1,131,1,0,1,Principal,,0.007633587786259542,0.0037872063435706255,264.046875,Pendiente,Pendiente de verificación,2,1,Revisar local compartido
2024,62460043,12 DE ABRIL,9,PANDO,903,MADRE DE DIOS,90303,SENA,9008,BOLIVAR (C. SENA),R,Rural,1,Fiscal,2,Primaria,6,62460047,1,9|R|1,No,Primaria,1.0,Primaria|9|R|1,243,2,1,1,Principal,,0.00823045267489712,0.00823045267489712,121.49999999999999,Pendiente,Pendiente de verificación,1,1,Sin coincidencia de código en marco
2024,62440029,20 DE MARZO,9,PANDO,905,FEDERICO ROMAN,90503,SANTOS MERCADO,9010,NUEVO MANOA (C. NUEVA ESPERANZA)/ VILLA NUEVA/EUREKA (C.SAN),R,Rural,1,Fiscal,3,Inicial; Primaria,12,62440030,1,9|R|1,No,Primaria,1.0,Primaria|9|R|1,243,2,1,2,Principal,,0.00823045267489712,0.00823045267489712,121.49999999999999,Pendiente,Pendiente de verificación,1,1,Sin coincidencia de código en marco
2024,82480047,BAKER,9,PANDO,901,NICOLAS SUAREZ,90101,CAPITAL (COBIJA),9001,SANTA CRUZ (C. COBIJA),U,Urbana,0,Privada,7,Inicial; Primaria; Secundaria,306,82480048,4,9|U|0,Sí,Primaria,0.4,Primaria|9|U|0,4,1,0,1,Principal,,0.25,0.1,10.0,Pendiente,Pendiente de verificación,1,1,Sin coincidencia de código en marco
2024,82480064,PUERTO BAHIA,9,PANDO,901,NICOLAS SUAREZ,90101,CAPITAL (COBIJA),9001,SANTA CRUZ (C. COBIJA),U,Urbana,1,Fiscal,3,Inicial; Primaria,477,82480054,1,9|U|1,No,Primaria,1.0,Primaria|9|U|1,10,1,0,1,Principal,,0.1,0.1,10.0,Pendiente,Pendiente de verificación,1,1,Sin coincidencia de código en marco
2024,60480007,CHIJMURI,1,CHUQUISACA,101,OROPEZA,10103,POROMA,1003,POROMA,R,Rural,1,Fiscal,7,Inicial; Primaria; Secundaria,101,60480007,4,1|R|1,Sí,Secundaria,0.5,Secundaria|1|R|1,135,3,1,1,Principal,,0.022222222222222223,0.011111111111111112,90.0,Pendiente,Pendiente de verificación,1,1,Sin coincidencia de código en marco
2024,70440015,MIGUEL JHASTER,1,CHUQUISACA,105,HERNANDO SILES,10502,SAN PABLO DE HUACARETA,1016,HUACARETA (C. SAN PABLO DE HUACARETA),R,Rural,1,Fiscal,7,Inicial; Primaria; Secundaria,102,70440015,1,1|R|1,Sí,Secundaria,0.5,Secundaria|1|R|1,135,3,1,2,Principal,,0.022222222222222223,0.011111111111111112,90.0,Pendiente,Pendiente de verificación,1,1,Sin coincidencia de código en marco
2024,80460010,JAIME ZUDAÑEZ DE PARAQTY,1,CHUQUISACA,103,ZUDAÑEZ,10301,VILLA ZUDANEZ (TACOPAYA),1006,ZUDAÑEZ,R,Rural,1,Fiscal,7,Inicial; Primaria; Secundaria,122,80460022,4,1|R|1,Sí,Secundaria,0.5,Secundaria|1|R|1,135,3,1,3,Principal,,0.022222222222222223,0.011111111111111112,90.0,Pendiente,Pendiente de verificación,1,1,Sin coincidencia de código en marco
2024,80480244,ANDINA UDEPAN,1,CHUQUISACA,101,OROPEZA,10101,CAPITAL (SUCRE),1001,SUCRE,U,Urbana,0,Privada,7,Inicial; Primaria; Secundaria,109,80480191,1,1|U|0,Sí,Secundaria,0.52,Secundaria|1|U|0,14,1,0,1,Principal,,0.07142857142857142,0.037142857142857144,26.923076923076923,Pendiente,Pendiente de verificación,1,1,Sin coincidencia de código en marco
2024,80480318,ALBERTO BOHORQUEZ  B,1,CHUQUISACA,101,OROPEZA,10101,CAPITAL (SUCRE),1001,SUCRE,U,Urbana,1,Fiscal,4,Secundaria,461,80480235,2,1|U|1,No,Secundaria,1.0,Secundaria|1|U|1,63,2,0,1,Principal,,0.031746031746031744,0.031746031746031744,31.5,Pendiente,Pendiente de verificación,2,1,Revisar local compartido
2024,70400053,JOSE ANTONIO ZAMPA,1,CHUQUISACA,109,SUD CINTI,10902,CULPINA,1024,CULPINA,U,Urbana,1,Fiscal,4,Secundaria,308,70400052,4,1|U|1,No,Secundaria,1.0,Secundaria|1|U|1,63,2,0,2,Principal,,0.031746031746031744,0.031746031746031744,31.5,Pendiente,Pendiente de verificación,1,1,Sin coincidencia de código en marco
2024,60730050,SEÑOR DE EXALTACION,2,LA PAZ,201,MURILLO,20103,MECAPACA,2003,MECAPACA,R,Rural,0,Privada,7,Inicial; Primaria; Secundaria,118,60730045,1,2|R|0,Sí,Secundaria,0.6666666666666666,Secundaria|2|R|0,5,1,0,1,Principal,,0.2,0.13333333333333333,7.5,Pendiente,Pendiente de verificación,1,1,Sin coincidencia de código en marco
2024,80720029,CHUQUIÑAPI,2,LA PAZ,202,OMASUYOS,20205,SANTIAGO DE HUATA,2006,ACHACACHI,R,Rural,1,Fiscal,7,Inicial; Primaria; Secundaria,99,80720029,4,2|R|1,Sí,Secundaria,0.5008130081300813,Secundaria|2|R|1,531,4,1,1,Principal,,0.007532956685499058,0.0037726026977783905,265.0689935064935,Pendiente,Pendiente de verificación,1,1,Sin coincidencia de código en marco
2024,70620007,LOS ANDES,2,LA PAZ,212,LOS ANDES,21202,LAJA,2046,LAJA,R,Rural,1,Fiscal,7,Inicial; Primaria; Secundaria,72,70620007,1,2|R|1,Sí,Secundaria,0.5008130081300813,Secundaria|2|R|1,531,4,1,2,Principal,,0.007532956685499058,0.0037726026977783905,265.0689935064935,Pendiente,Pendiente de verificación,1,1,Sin coincidencia de código en marco
2024,80540155,COLORADOS DE BOLIVIA,2,LA PAZ,220,CARANAVI,22001,CARANAVI,2065,CARANAVI,R,Rural,1,Fiscal,4,Secundaria,148,80540148,1,2|R|1,No,Secundaria,1.0,Secundaria|2|R|1,531,4,1,3,Principal,,0.007532956685499058,0.007532956685499058,132.75,Pendiente,Pendiente de verificación,1,1,Sin coincidencia de código en marco
2024,80670088,MADIDI,2,LA PAZ,207,FRANZ TAMAYO,20701,APOLO,2025,APOLO,R,Rural,1,Fiscal,7,Inicial; Primaria; Secundaria,47,80670087,1,2|R|1,Sí,Secundaria,0.5008130081300813,Secundaria|2|R|1,531,4,1,4,Principal,,0.007532956685499058,0.0037726026977783905,265.0689935064935,Pendiente,Pendiente de verificación,1,1,Sin coincidencia de código en marco
2024,40730296,ADOLFO KOLPING,2,LA PAZ,201,MURILLO,20105,EL ALTO,2085,EL ALTO 2,U,Urbana,0,Privada,7,Inicial; Primaria; Secundaria,860,40730201,1,2|U|0,Sí,Secundaria,0.5037037037037037,Secundaria|2|U|0,68,1,0,1,Principal,,0.014705882352941176,0.007407407407407407,135.0,Pendiente,Pendiente de verificación,1,1,Sin coincidencia de código en marco
2024,80730803,KALAJAHUIRA B,2,LA PAZ,201,MURILLO,20101,CAPITAL (LA PAZ),2083,LA PAZ 3,U,Urbana,1,Fiscal,4,Secundaria,267,80730164,2,2|U|1,No,Secundaria,1.0,Secundaria|2|U|1,422,4,1,1,Principal,,0.009478672985781991,0.009478672985781991,105.49999999999999,Pendiente,Pendiente de verificación,2,1,Revisar local compartido
2024,40730582,ALEJANDRO MALDONADO,2,LA PAZ,201,MURILLO,20105,EL ALTO,2084,EL ALTO 1,U,Urbana,1,Fiscal,7,Inicial; Primaria; Secundaria,189,40730441,1,2|U|1,Sí,Secundaria,0.5019607843137255,Secundaria|2|U|1,422,4,1,2,Principal,,0.009478672985781991,0.00475792212619645,210.17578125,Pendiente,Pendiente de verificación,1,1,Sin coincidencia de código en marco
2024,80730945,GRAL. JOSE DE SAN MARTIN  A,2,LA PAZ,201,MURILLO,20101,CAPITAL (LA PAZ),2083,LA PAZ 3,U,Urbana,1,Fiscal,4,Secundaria,541,80730095,1,2|U|1,No,Secundaria,1.0,Secundaria|2|U|1,422,4,1,3,Principal,,0.009478672985781991,0.009478672985781991,105.49999999999999,Pendiente,Pendiente de verificación,4,1,Revisar local compartido
2024,40730547,RAFAEL MENDOZA CASTELLON B,2,LA PAZ,201,MURILLO,20105,EL ALTO,2084,EL ALTO 1,U,Urbana,1,Fiscal,4,Secundaria,986,40730116,1,2|U|1,No,Secundaria,1.0,Secundaria|2|U|1,422,4,1,4,Principal,,0.009478672985781991,0.009478672985781991,105.49999999999999,Pendiente,Pendiente de verificación,6,1,Revisar local compartido
2024,60900043,EUGENIA RAVASCO,3,COCHABAMBA,309,QUILLACOLLO,30903,TIQUIPAYA,3022,TIQUIPAYA,R,Rural,0,Privada,7,Inicial; Primaria; Secundaria,922,60900040,1,3|R|0,Sí,Secundaria,0.6666666666666666,Secundaria|3|R|0,3,1,0,1,Principal,,0.3333333333333333,0.2222222222222222,4.5,Pendiente,Pendiente de verificación,1,1,Sin coincidencia de código en marco
2024,80870048,MARTIN MOSTAJO,3,COCHABAMBA,312,CARRASCO,31201,TOTORA,3029,TOTORA,R,Rural,1,Fiscal,7,Inicial; Primaria; Secundaria,308,80870031,1,3|R|1,Sí,Secundaria,0.5013262599469496,Secundaria|3|R|1,276,3,1,1,Principal,,0.010869565217391304,0.005449198477684235,183.51322751322752,Pendiente,Pendiente de verificación,1,1,Sin coincidencia de código en marco
2024,70960022,RAYMUNDO HERMAN PINT,3,COCHABAMBA,303,AYOPAYA,30302,MOROCHATA,3006,MOROCHATA,R,Rural,1,Fiscal,7,Inicial; Primaria; Secundaria,107,70960078,4,3|R|1,Sí,Secundaria,0.5013262599469496,Secundaria|3|R|1,276,3,1,2,Principal,,0.010869565217391304,0.005449198477684235,183.51322751322752,Pendiente,Pendiente de verificación,1,1,Sin coincidencia de código en marco
2024,80970053,PANAMA,3,COCHABAMBA,302,CAMPERO,30201,AIQUILE,3002,AIQUILE,R,Rural,1,Fiscal,7,Inicial; Primaria; Secundaria,194,80970053,1,3|R|1,Sí,Secundaria,0.5013262599469496,Secundaria|3|R|1,276,3,1,3,Principal,,0.010869565217391304,0.005449198477684235,183.51322751322752,Pendiente,Pendiente de verificación,1,1,Sin coincidencia de código en marco
2024,80980378,COCHABAMBA,3,COCHABAMBA,301,CERCADO,30101,CAPITAL (COCHABAMBA),3061,COCHABAMBA 1,U,Urbana,0,Privada,7,Inicial; Primaria; Secundaria,91,80980246,1,3|U|0,Sí,Secundaria,0.5,Secundaria|3|U|0,51,1,0,1,Principal,,0.0196078431372549,0.00980392156862745,102.0,Pendiente,Pendiente de verificación,1,1,Sin coincidencia de código en marco
2024,80910010,LITORAL,3,COCHABAMBA,308,GERMAN JORDAN,30801,CLIZA,3017,CLIZA,U,Urbana,1,Fiscal,4,Secundaria,544,80910011,1,3|U|1,No,Secundaria,1.0,Secundaria|3|U|1,269,3,1,1,Principal,,0.011152416356877323,0.011152416356877323,89.66666666666667,Pendiente,Pendiente de verificación,2,1,Revisar local compartido
2024,80980205,ISMAEL VASQUEZ,3,COCHABAMBA,301,CERCADO,30101,CAPITAL (COCHABAMBA),3062,COCHABAMBA 2,U,Urbana,1,Fiscal,6,Primaria; Secundaria,413,80980071,1,3|U|1,Sí,Secundaria,0.5,Secundaria|3|U|1,269,3,1,2,Principal,,0.011152416356877323,0.0055762081784386614,179.33333333333334,Pendiente,Pendiente de verificación,2,1,Revisar local compartido
2024,80980209,LIBORIO CADIMA,3,COCHABAMBA,301,CERCADO,30101,CAPITAL (COCHABAMBA),3062,COCHABAMBA 2,U,Urbana,1,Fiscal,4,Secundaria,361,80980025,2,3|U|1,No,Secundaria,1.0,Secundaria|3|U|1,269,3,1,3,Principal,,0.011152416356877323,0.011152416356877323,89.66666666666667,Pendiente,Pendiente de verificación,2,1,Revisar local compartido
2024,71180017,VICENTE DONOSO TORREZ,4,ORURO,406,POOPO,40603,ANTEQUERA,4010,PAZÑA/ ANTEQUERA,R,Rural,0,Privada,4,Secundaria,169,71180016,4,4|R|0,No,Secundaria,1.0,Secundaria|4|R|0,1,1,0,1,Principal,,1.0,1.0,1.0,Pendiente,Pendiente de verificación,2,2,Revisar local compartido
2024,81210037,NACIONAL DE OPOQUERI,4,ORURO,403,CARANGAS,40301,CORQUE,4005,CORQUE/ CHOQUE COTA,R,Rural,1,Fiscal,4,Secundaria,56,81210034,4,4|R|1,No,Secundaria,1.0,Secundaria|4|R|1,85,2,0,1,Principal,,0.023529411764705882,0.023529411764705882,42.5,Pendiente,Pendiente de verificación,1,1,Sin coincidencia de código en marco
2024,81170008,OSCAR ALFARO,4,ORURO,407,PANTALEON DALENCE,40701,HUANUNI,4011,HUANUNI,R,Rural,1,Fiscal,7,Inicial; Primaria; Secundaria,204,81170008,1,4|R|1,Sí,Secundaria,0.5060240963855421,Secundaria|4|R|1,85,2,0,2,Principal,,0.023529411764705882,0.011906449326718638,83.98809523809526,Pendiente,Pendiente de verificación,1,1,Sin coincidencia de código en marco
2024,81230300,EVANGELICO FILADELFIA,4,ORURO,401,CERCADO,40101,CAPITAL (ORURO),4001,ORURO,U,Urbana,0,Privada,7,Inicial; Primaria; Secundaria,715,81230231,4,4|U|0,Sí,Secundaria,0.5,Secundaria|4|U|0,8,1,0,1,Principal,,0.125,0.0625,16.0,Pendiente,Pendiente de verificación,1,1,Sin coincidencia de código en marco
2024,81230272,JUAN PABLO SECUNDARIA,4,ORURO,401,CERCADO,40101,CAPITAL (ORURO),4001,ORURO,U,Urbana,1,Fiscal,4,Secundaria,536,81230214,1,4|U|1,No,Secundaria,1.0,Secundaria|4|U|1,97,2,1,1,Principal,,0.020618556701030927,0.020618556701030927,48.5,Pendiente,Pendiente de verificación,1,1,Sin coincidencia de código en marco
2024,81230295,JHON FITZGERALD KENNEDY 2 DON BOSCO,4,ORURO,401,CERCADO,40101,CAPITAL (ORURO),4001,ORURO,U,Urbana,1,Fiscal,4,Secundaria,497,81230088,2,4|U|1,No,Secundaria,1.0,Secundaria|4|U|1,97,2,1,2,Principal,,0.020618556701030927,0.020618556701030927,48.5,Pendiente,Pendiente de verificación,3,1,Revisar local compartido
2024,71370069,RICARDO CRUZ Nº 2,5,POTOSI,512,ANTONIO QUIJARRO,51202,TOMAVE,5028,TOMAVE,R,Rural,0,Privada,7,Inicial; Primaria; Secundaria,126,71370067,4,5|R|0,Sí,Secundaria,0.5,Secundaria|5|R|0,1,1,0,1,Principal,,1.0,0.5,2.0,Pendiente,Pendiente de verificación,1,1,Sin coincidencia de código en marco
2024,81460111,CORNELIO SAAVEDRA B,5,POTOSI,503,CORNELIO SAAVEDRA,50301,BETANZOS,5008,BETANZOS,R,Rural,1,Fiscal,4,Secundaria,175,81460113,4,5|R|1,No,Secundaria,1.0,Secundaria|5|R|1,294,2,1,1,Principal,,0.006802721088435374,0.006802721088435374,147.0,Pendiente,Pendiente de verificación,1,1,Sin coincidencia de código en marco
2024,81460099,OSCAR UNZAGA DE LA VEGA,5,POTOSI,503,CORNELIO SAAVEDRA,50301,BETANZOS,5008,BETANZOS,R,Rural,1,Fiscal,7,Inicial; Primaria; Secundaria,237,81460097,4,5|R|1,Sí,Secundaria,0.5013404825737265,Secundaria|5|R|1,294,2,1,2,Principal,,0.006802721088435374,0.0034104794732906568,293.2139037433155,Pendiente,Pendiente de verificación,1,1,Sin coincidencia de código en marco
2024,81480254,SAN MARTIN,5,POTOSI,501,TOMAS FRIAS,50101,CAPITAL (POTOSI),5001,POTOSI,U,Urbana,0,Privada,6,Primaria; Secundaria,42,81480159,4,5|U|0,Sí,Secundaria,0.5384615384615384,Secundaria|5|U|0,8,1,0,1,Principal,,0.125,0.0673076923076923,14.857142857142858,Pendiente,Pendiente de verificación,1,1,Sin coincidencia de código en marco
2024,81480193,GUALBERTO VILLARROEL B,5,POTOSI,501,TOMAS FRIAS,50101,CAPITAL (POTOSI),5001,POTOSI,U,Urbana,1,Fiscal,4,Secundaria,225,81480017,2,5|U|1,No,Secundaria,1.0,Secundaria|5|U|1,112,2,0,1,Principal,,0.017857142857142856,0.017857142857142856,56.0,Pendiente,Pendiente de verificación,2,1,Revisar local compartido
2024,81370009,BOLIVIA,5,POTOSI,512,ANTONIO QUIJARRO,51201,UYUNI,5027,UYUNI,U,Urbana,1,Fiscal,4,Secundaria,341,81370067,1,5|U|1,No,Secundaria,1.0,Secundaria|5|U|1,112,2,0,2,Principal,,0.017857142857142856,0.017857142857142856,56.0,Pendiente,Pendiente de verificación,1,1,Sin coincidencia de código en marco
2024,71690020,PAICHO CENTRO,6,TARIJA,605,MENDEZ,60502,EL PUENTE,6010,EL PUENTE,R,Rural,1,Fiscal,7,Inicial; Primaria; Secundaria,57,71690017,1,6|R|1,Sí,Secundaria,0.5053763440860215,Secundaria|6|R|1,75,1,0,1,Principal,,0.013333333333333334,0.006738351254480287,148.40425531914894,Pendiente,Pendiente de verificación,1,1,Sin coincidencia de código en marco
2024,81730175,ALEMAN DEL SUD,6,TARIJA,601,CERCADO,60101,CAPITAL (TARIJA),6001,TARIJA,U,Urbana,0,Privada,7,Inicial; Primaria; Secundaria,728,81730127,1,6|U|0,Sí,Secundaria,0.5,Secundaria|6|U|0,9,1,0,1,Principal,,0.1111111111111111,0.05555555555555555,18.0,Pendiente,Pendiente de verificación,1,1,Sin coincidencia de código en marco
2024,81730263,BOLIVIA 2,6,TARIJA,601,CERCADO,60101,CAPITAL (TARIJA),6001,TARIJA,U,Urbana,1,Fiscal,5,Inicial; Secundaria,445,81730035,1,6|U|1,No,Secundaria,1.0,Secundaria|6|U|1,78,2,1,1,Principal,,0.02564102564102564,0.02564102564102564,39.0,Pendiente,Pendiente de verificación,2,1,Revisar local compartido
2024,81690074,CNL. EUSTAQUIO MENDEZ 3,6,TARIJA,605,MENDEZ,60501,SAN LORENZO,6009,SAN LORENZO (C. VILLA SAN LORENZO),U,Urbana,1,Fiscal,4,Secundaria,65,81690070,3,6|U|1,No,Secundaria,1.0,Secundaria|6|U|1,78,2,1,2,Principal,,0.02564102564102564,0.02564102564102564,39.0,Pendiente,Pendiente de verificación,2,1,Revisar local compartido
2024,31880004,NUEVA ESTRELLA,7,SANTA CRUZ,711,ÑUFLO DE CHAVEZ,71106,CUATRO CANADAS,7039,SAN JULIAN,R,Rural,0,Privada,7,Inicial; Primaria; Secundaria,127,31880004,1,7|R|0,Sí,Secundaria,0.5555555555555556,Secundaria|7|R|0,6,1,0,1,Principal,,0.16666666666666666,0.0925925925925926,10.799999999999999,Pendiente,Pendiente de verificación,1,1,Sin coincidencia de código en marco
2024,81970111,MONTE CARMELO,7,SANTA CRUZ,702,WARNES,70201,WARNES,7006,WARNES,R,Rural,1,Fiscal,7,Inicial; Primaria; Secundaria,1432,81970094,1,7|R|1,Sí,Secundaria,0.5012531328320802,Secundaria|7|R|1,306,3,1,1,Principal,,0.00980392156862745,0.004914246400314511,203.49,Pendiente,Pendiente de verificación,1,1,Sin coincidencia de código en marco
2024,81981390,FUENTES DEL SABER,7,SANTA CRUZ,701,ANDRES IBAÑEZ,70101,CAPITAL (SANTA CRUZ DE LA SIERRA),7068,PLAN TRES MIL,R,Rural,1,Fiscal,7,Inicial; Primaria; Secundaria,1281,81980698,4,7|R|1,Sí,Secundaria,0.5012531328320802,Secundaria|7|R|1,306,3,1,2,Principal,,0.00980392156862745,0.004914246400314511,203.49,Pendiente,Pendiente de verificación,1,1,Sin coincidencia de código en marco
2024,81840007,JOSE BARRERO VALVERDE,7,SANTA CRUZ,715,GUARAYOS,71501,ASCENSION DE GUARAYOS,7045,ASCENCION DE GUARAYOS,R,Rural,1,Fiscal,4,Secundaria,732,81840003,1,7|R|1,No,Secundaria,1.0,Secundaria|7|R|1,306,3,1,3,Principal,,0.00980392156862745,0.00980392156862745,102.0,Pendiente,Pendiente de verificación,1,1,Sin coincidencia de código en marco
2024,81981359,INTERNACIONAL DE EMPRENDEDORES,7,SANTA CRUZ,701,ANDRES IBAÑEZ,70101,CAPITAL (SANTA CRUZ DE LA SIERRA),7062,SANTA CRUZ 2,U,Urbana,0,Privada,7,Inicial; Primaria; Secundaria,383,81980669,1,7|U|0,Sí,Secundaria,0.5028901734104047,Secundaria|7|U|0,94,2,0,1,Principal,,0.02127659574468085,0.010699790923625632,93.45977011494251,Pendiente,Pendiente de verificación,1,1,Sin coincidencia de código en marco
2024,81981383,CIAP,7,SANTA CRUZ,701,ANDRES IBAÑEZ,70101,CAPITAL (SANTA CRUZ DE LA SIERRA),7063,SANTA CRUZ 3,U,Urbana,0,Privada,7,Inicial; Primaria; Secundaria,171,81980692,1,7|U|0,Sí,Secundaria,0.5028901734104047,Secundaria|7|U|0,94,2,0,2,Principal,,0.02127659574468085,0.010699790923625632,93.45977011494251,Pendiente,Pendiente de verificación,1,1,Sin coincidencia de código en marco
2024,81980545,ANGELA PINCKERT TARDE,7,SANTA CRUZ,701,ANDRES IBAÑEZ,70101,CAPITAL (SANTA CRUZ DE LA SIERRA),7063,SANTA CRUZ 3,U,Urbana,1,Fiscal,4,Secundaria,666,81980958,1,7|U|1,No,Secundaria,1.0,Secundaria|7|U|1,435,4,1,1,Principal,,0.009195402298850575,0.009195402298850575,108.75,Pendiente,Pendiente de verificación,1,1,Sin coincidencia de código en marco
2024,81970017,ELVIRA CASTEDO VDA. DE JORDAN,7,SANTA CRUZ,702,WARNES,70201,WARNES,7006,WARNES,U,Urbana,1,Fiscal,4,Secundaria,745,81970065,1,7|U|1,No,Secundaria,1.0,Secundaria|7|U|1,435,4,1,2,Principal,,0.009195402298850575,0.009195402298850575,108.75,Pendiente,Pendiente de verificación,3,1,Revisar local compartido
2024,81980702,LAS AMERICAS II,7,SANTA CRUZ,701,ANDRES IBAÑEZ,70101,CAPITAL (SANTA CRUZ DE LA SIERRA),7062,SANTA CRUZ 2,U,Urbana,1,Fiscal,4,Secundaria,581,81980954,1,7|U|1,No,Secundaria,1.0,Secundaria|7|U|1,435,4,1,3,Principal,,0.009195402298850575,0.009195402298850575,108.75,Pendiente,Pendiente de verificación,1,1,Sin coincidencia de código en marco
2024,71930094,RODOLFO RIVERO VACA I,7,SANTA CRUZ,706,SARA,70602,SANTA ROSA DEL SARA,7017,SANTA ROSA DEL SARA,U,Urbana,1,Fiscal,4,Secundaria,66,71930083,2,7|U|1,No,Secundaria,1.0,Secundaria|7|U|1,435,4,1,4,Principal,,0.009195402298850575,0.009195402298850575,108.75,Pendiente,Pendiente de verificación,1,1,Sin coincidencia de código en marco
2024,82230113,AGUA DE VIDA,8,BENI,801,CERCADO,80101,CAPITAL (TRINIDAD),8001,TRINIDAD,R,Rural,0,Privada,7,Inicial; Primaria; Secundaria,72,82230080,1,8|R|0,Sí,Secundaria,0.6666666666666666,Secundaria|8|R|0,3,1,0,1,Principal,,0.3333333333333333,0.2222222222222222,4.5,Pendiente,Pendiente de verificación,1,1,Sin coincidencia de código en marco
2024,72180040,UNION Y FE,8,BENI,806,MARBAN,80602,SAN ANDRES,8011,SAN ANDRES/ LORETO,R,Rural,1,Fiscal,7,Inicial; Primaria; Secundaria,142,72180039,1,8|R|1,Sí,Secundaria,0.5018315018315018,Secundaria|8|R|1,144,2,1,1,Principal,,0.013888888888888888,0.00696988196988197,143.47445255474452,Pendiente,Pendiente de verificación,1,1,Sin coincidencia de código en marco
2024,82210022,SAN FELIPE,8,BENI,803,GENERAL JOSE BALLIVIAN,80301,REYES,8005,REYES,R,Rural,1,Fiscal,7,Inicial; Primaria; Secundaria,60,82210022,1,8|R|1,Sí,Secundaria,0.5018315018315018,Secundaria|8|R|1,144,2,1,2,Principal,,0.013888888888888888,0.00696988196988197,143.47445255474452,Pendiente,Pendiente de verificación,1,1,Sin coincidencia de código en marco
2024,72220060,ELMER BOTTSFORD,8,BENI,802,VACA DIEZ,80202,PUERTO GUAYARAMERIN,8004,GUAYARAMERIN,U,Urbana,0,Privada,7,Inicial; Primaria; Secundaria,453,72220038,1,8|U|0,Sí,Secundaria,0.5,Secundaria|8|U|0,15,1,0,1,Principal,,0.06666666666666667,0.03333333333333333,30.0,Pendiente,Pendiente de verificación,1,1,Sin coincidencia de código en marco
2024,62210001,SANTA ROSA I,8,BENI,803,GENERAL JOSE BALLIVIAN,80303,SANTA ROSA,8007,SANTA ROSA,U,Urbana,1,Fiscal,7,Inicial; Primaria; Secundaria,580,62210002,2,8|U|1,Sí,Secundaria,0.5038759689922481,Secundaria|8|U|1,97,2,0,1,Principal,,0.020618556701030927,0.010389195236953568,96.25384615384615,Pendiente,Pendiente de verificación,2,1,Revisar local compartido
2024,82160069,FREDDY BRUCKNER AÑEZ,8,BENI,808,ITENEZ,80801,MAGDALENA,8014,MAGDALENA/ BAURES/ HUACARAJE,U,Urbana,1,Fiscal,4,Secundaria,55,82160035,3,8|U|1,No,Secundaria,1.0,Secundaria|8|U|1,97,2,0,2,Principal,,0.020618556701030927,0.020618556701030927,48.5,Pendiente,Pendiente de verificación,3,1,Revisar local compartido
2024,52480022,NUEVA VIDA,9,PANDO,901,NICOLAS SUAREZ,90104,BELLA FLOR,9002,CAMPO ANA (C. PORVENIR)/(COSTA RICA (C. BELLA FLOR),R,Rural,1,Fiscal,7,Inicial; Primaria; Secundaria,35,52480014,1,9|R|1,Sí,Secundaria,0.5,Secundaria|9|R|1,87,2,1,1,Principal,,0.022988505747126436,0.011494252873563218,87.0,Pendiente,Pendiente de verificación,1,1,Sin coincidencia de código en marco
2024,72440004,ANDRES IDAGUA,9,PANDO,905,FEDERICO ROMAN,90502,VILLA NUEVA (LOMA ALTA),9010,NUEVO MANOA (C. NUEVA ESPERANZA)/ VILLA NUEVA/EUREKA (C.SAN),R,Rural,1,Fiscal,7,Inicial; Primaria; Secundaria,231,72440005,1,9|R|1,Sí,Secundaria,0.5,Secundaria|9|R|1,87,2,1,2,Principal,,0.022988505747126436,0.011494252873563218,87.0,Pendiente,Pendiente de verificación,1,1,Sin coincidencia de código en marco
2024,82480074,AMERICA FAESA S.R.L.,9,PANDO,901,NICOLAS SUAREZ,90101,CAPITAL (COBIJA),9001,SANTA CRUZ (C. COBIJA),U,Urbana,0,Privada,7,Inicial; Primaria; Secundaria,316,82480068,1,9|U|0,Sí,Secundaria,0.6,Secundaria|9|U|0,3,1,0,1,Principal,,0.3333333333333333,0.19999999999999998,5.0,Pendiente,Pendiente de verificación,1,1,Sin coincidencia de código en marco
2024,82480040,JOSE MANUEL PANDO,9,PANDO,901,NICOLAS SUAREZ,90101,CAPITAL (COBIJA),9001,SANTA CRUZ (C. COBIJA),U,Urbana,1,Fiscal,7,Inicial; Primaria; Secundaria,846,82480041,2,9|U|1,Sí,Secundaria,0.5,Secundaria|9|U|1,10,1,0,1,Principal,,0.1,0.05,20.0,Pendiente,Pendiente de verificación,1,1,Sin coincidencia de código en marco
