fila_candidatos,gestion,entidad_codigo,entidad,tipo_ejecutor,departamento,provincia,municipio,codigo_territorial,direccion_administrativa,programa,actividad,objeto_grupo,partida,fuente,organismo,evidencia,puntaje,alcance,inicial,vigente,devengado,pagado
"6548","2025","3402","Gobierno Autónomo Indígena Originario Campesino De Salinas","GAIOC","Oruro","Ladislao Cabrera","TIOC Salinas","041301","DIRECCION ADMINISTRATIVA CENTRAL","GESTIÓN DE EDUCACIÓN ","FORTALECIMIENTO A LA DIRECCION DISTRITAL GAIOC - SALINAS","SERVICIOS NO PERSONALES","Estudios, Investigaciones, Auditorías Externas y Revalorizaciones","Transferencias T.G.N.","Tesoro General de la Nación - Coparticipación Tributaria","B_FUERTE","65","Vinculación distrital sin código individual","38400","32320","32320","32320"
"6560","2025","3402","Gobierno Autónomo Indígena Originario Campesino De Salinas","GAIOC","Oruro","Ladislao Cabrera","TIOC Salinas","041301","DIRECCION ADMINISTRATIVA CENTRAL","GESTIÓN DE EDUCACIÓN ","FORTALECIMIENTO A LA DIRECCION DISTRITAL GAIOC - SALINAS","ACTIVOS REALES","Equipo de Oficina y Muebles","Transferencias T.G.N.","Tesoro General de la Nación - Coparticipación Tributaria","B_FUERTE","65","Vinculación distrital sin código individual","0","8850","8850","8850"
"6559","2025","3402","Gobierno Autónomo Indígena Originario Campesino De Salinas","GAIOC","Oruro","Ladislao Cabrera","TIOC Salinas","041301","DIRECCION ADMINISTRATIVA CENTRAL","GESTIÓN DE EDUCACIÓN ","FORTALECIMIENTO A LA DIRECCION DISTRITAL GAIOC - SALINAS","ACTIVOS REALES","Equipo de Oficina y Muebles","Transferencias T.G.N.","T.G.N. - Impuesto Directo a los Hidrocarburos","B_FUERTE","65","Vinculación distrital sin código individual","0","8700","8700","8700"
"6550","2025","3402","Gobierno Autónomo Indígena Originario Campesino De Salinas","GAIOC","Oruro","Ladislao Cabrera","TIOC Salinas","041301","DIRECCION ADMINISTRATIVA CENTRAL","GESTIÓN DE EDUCACIÓN ","FORTALECIMIENTO A LA DIRECCION DISTRITAL GAIOC - SALINAS","SERVICIOS NO PERSONALES","Servicios de Imprenta, Fotocopiado y Fotográficos","Transferencias T.G.N.","Tesoro General de la Nación - Coparticipación Tributaria","B_FUERTE","65","Vinculación distrital sin código individual","0","6111","6111","6111"
"6557","2025","3402","Gobierno Autónomo Indígena Originario Campesino De Salinas","GAIOC","Oruro","Ladislao Cabrera","TIOC Salinas","041301","DIRECCION ADMINISTRATIVA CENTRAL","GESTIÓN DE EDUCACIÓN ","FORTALECIMIENTO A LA DIRECCION DISTRITAL GAIOC - SALINAS","MATERIALES Y SUMINISTROS","Útiles de Escritorio y Oficina","Transferencias T.G.N.","Tesoro General de la Nación - Coparticipación Tributaria","B_FUERTE","65","Vinculación distrital sin código individual","2000","3248","3245","3245"
"6555","2025","3402","Gobierno Autónomo Indígena Originario Campesino De Salinas","GAIOC","Oruro","Ladislao Cabrera","TIOC Salinas","041301","DIRECCION ADMINISTRATIVA CENTRAL","GESTIÓN DE EDUCACIÓN ","FORTALECIMIENTO A LA DIRECCION DISTRITAL GAIOC - SALINAS","MATERIALES Y SUMINISTROS","Combustibles, Lubricantes, Derivados y Otras Fuentes de Energía","Transferencias T.G.N.","T.G.N. - Impuesto Directo a los Hidrocarburos","B_FUERTE","65","Vinculación distrital sin código individual","0","1261","900","900"
"6558","2025","3402","Gobierno Autónomo Indígena Originario Campesino De Salinas","GAIOC","Oruro","Ladislao Cabrera","TIOC Salinas","041301","DIRECCION ADMINISTRATIVA CENTRAL","GESTIÓN DE EDUCACIÓN ","FORTALECIMIENTO A LA DIRECCION DISTRITAL GAIOC - SALINAS","ACTIVOS REALES","Equipo de Oficina y Muebles","Transferencias T.G.N.","Tesoro General de la Nación - Coparticipación Tributaria","B_FUERTE","65","Vinculación distrital sin código individual","0","870","870","870"
"6553","2025","3402","Gobierno Autónomo Indígena Originario Campesino De Salinas","GAIOC","Oruro","Ladislao Cabrera","TIOC Salinas","041301","DIRECCION ADMINISTRATIVA CENTRAL","GESTIÓN DE EDUCACIÓN ","FORTALECIMIENTO A LA DIRECCION DISTRITAL GAIOC - SALINAS","MATERIALES Y SUMINISTROS","Papel","Transferencias T.G.N.","Tesoro General de la Nación - Coparticipación Tributaria","B_FUERTE","65","Vinculación distrital sin código individual","1000","760","760","760"
"6551","2025","3402","Gobierno Autónomo Indígena Originario Campesino De Salinas","GAIOC","Oruro","Ladislao Cabrera","TIOC Salinas","041301","DIRECCION ADMINISTRATIVA CENTRAL","GESTIÓN DE EDUCACIÓN ","FORTALECIMIENTO A LA DIRECCION DISTRITAL GAIOC - SALINAS","MATERIALES Y SUMINISTROS","Alimentos y Bebidas para Personas, Desayuno Escolar y Otras","Transferencias T.G.N.","Tesoro General de la Nación - Coparticipación Tributaria","B_FUERTE","65","Vinculación distrital sin código individual","952","622.86","622.86","622.86"
"6554","2025","3402","Gobierno Autónomo Indígena Originario Campesino De Salinas","GAIOC","Oruro","Ladislao Cabrera","TIOC Salinas","041301","DIRECCION ADMINISTRATIVA CENTRAL","GESTIÓN DE EDUCACIÓN ","FORTALECIMIENTO A LA DIRECCION DISTRITAL GAIOC - SALINAS","MATERIALES Y SUMINISTROS","Combustibles, Lubricantes, Derivados y Otras Fuentes de Energía","Transferencias T.G.N.","Tesoro General de la Nación - Coparticipación Tributaria","B_FUERTE","65","Vinculación distrital sin código individual","5000","600","600","600"
"6561","2025","3402","Gobierno Autónomo Indígena Originario Campesino De Salinas","GAIOC","Oruro","Ladislao Cabrera","TIOC Salinas","041301","DIRECCION ADMINISTRATIVA CENTRAL","GESTIÓN DE EDUCACIÓN ","FORTALECIMIENTO A LA DIRECCION DISTRITAL GAIOC - SALINAS","ACTIVOS REALES","Otra Maquinaria y Equipo","Transferencias T.G.N.","Tesoro General de la Nación - Coparticipación Tributaria","B_FUERTE","65","Vinculación distrital sin código individual","0","590","590","590"
"6556","2025","3402","Gobierno Autónomo Indígena Originario Campesino De Salinas","GAIOC","Oruro","Ladislao Cabrera","TIOC Salinas","041301","DIRECCION ADMINISTRATIVA CENTRAL","GESTIÓN DE EDUCACIÓN ","FORTALECIMIENTO A LA DIRECCION DISTRITAL GAIOC - SALINAS","MATERIALES Y SUMINISTROS","Material de Limpieza","Transferencias T.G.N.","Tesoro General de la Nación - Coparticipación Tributaria","B_FUERTE","65","Vinculación distrital sin código individual","1000","489","489","489"
"6546","2025","3402","Gobierno Autónomo Indígena Originario Campesino De Salinas","GAIOC","Oruro","Ladislao Cabrera","TIOC Salinas","041301","DIRECCION ADMINISTRATIVA CENTRAL","GESTIÓN DE EDUCACIÓN ","FORTALECIMIENTO A LA DIRECCION DISTRITAL GAIOC - SALINAS","SERVICIOS NO PERSONALES","Mantenimiento y Reparación de Inmuebles, Muebles y Equipos","Transferencias T.G.N.","Tesoro General de la Nación - Coparticipación Tributaria","B_FUERTE","65","Vinculación distrital sin código individual","1648","340","340","340"
"6547","2025","3402","Gobierno Autónomo Indígena Originario Campesino De Salinas","GAIOC","Oruro","Ladislao Cabrera","TIOC Salinas","041301","DIRECCION ADMINISTRATIVA CENTRAL","GESTIÓN DE EDUCACIÓN ","FORTALECIMIENTO A LA DIRECCION DISTRITAL GAIOC - SALINAS","SERVICIOS NO PERSONALES","Mantenimiento y Reparación de Inmuebles, Muebles y Equipos","Transferencias T.G.N.","T.G.N. - Impuesto Directo a los Hidrocarburos","B_FUERTE","65","Vinculación distrital sin código individual","0","1000","0","0"
"6549","2025","3402","Gobierno Autónomo Indígena Originario Campesino De Salinas","GAIOC","Oruro","Ladislao Cabrera","TIOC Salinas","041301","DIRECCION ADMINISTRATIVA CENTRAL","GESTIÓN DE EDUCACIÓN ","FORTALECIMIENTO A LA DIRECCION DISTRITAL GAIOC - SALINAS","SERVICIOS NO PERSONALES","Estudios, Investigaciones, Auditorías Externas y Revalorizaciones","Transferencias T.G.N.","T.G.N. - Impuesto Directo a los Hidrocarburos","B_FUERTE","65","Vinculación distrital sin código individual","0","1158.14","0","0"
"6552","2025","3402","Gobierno Autónomo Indígena Originario Campesino De Salinas","GAIOC","Oruro","Ladislao Cabrera","TIOC Salinas","041301","DIRECCION ADMINISTRATIVA CENTRAL","GESTIÓN DE EDUCACIÓN ","FORTALECIMIENTO A LA DIRECCION DISTRITAL GAIOC - SALINAS","MATERIALES Y SUMINISTROS","Alimentos y Bebidas para Personas, Desayuno Escolar y Otras","Transferencias T.G.N.","T.G.N. - Impuesto Directo a los Hidrocarburos","B_FUERTE","65","Vinculación distrital sin código individual","0","500","0","0"